country,ISL,ISL,ISL,ISL,ISL,ISL,ISL,ISL,ISL,ISL,ISL,ISL,ISL,ISL,ISL,ISL,ISL,ISL,ISL,ISL,ISL,ISL,ISL,ISL,ISL,ISL,ISL,ISL,ISL,ISL,ISL,ISL,ISL,ISL,ISL,ISL,ISL,ISL,ISL,ISL,ISL,ISL,ISL,ISL,ISL,ISL,ISL,ISL,ISL,ISL,ISL,ISL,ISL,ISL,ISL,ISL,ISL,ISL,ISL,ISL,ISL,ISL,ISL,ISL,ISL,ISL,ISL,ISL,ISL,ISL,ISL,ISL,ISL,ISL,ISL,ISL,ISL,ISL,ISL,ISL,ISL,ISL,ISL,ISL,ISL,ISL,ISL,ISL,ISL,ISL,ISL,ISL,ISL,ISL,ISL,ISL,ISL,ISL,ISL,ISL,ISL,ISL,ISL,ISL,ISL,ISL,ISL,ISL,ISL,ISL,ISL,ISL,ISL,ISL,ISL,ISL,ISL,ISL,ISL,ISL,ISL,ISL,ISL,ISL,ISL,ISL,ISL,ISL,ISL,ISL,ISL,ISL,ISL,ISL,ISL,ISL,ISL,ISL,ISL,ISL,ISL,ISL,ISL,ISL,ISL,ISL,ISL,ISL,ISL,ISL,ISL,ISL,ISL,ISL,ISL,ISL,ISL,ISL,ISL,ISL,ISL,ISL,ISL,ISL,ISL,ISL,ISL,ISL,ISL,ISL,ISL,ISL,ISL,ISL,ISL,ISL,ISL,ISL,ISL,ISL,ISL,ISL,ISL,ISL,ISL,ISL,ISL,ISL,ISL,ISL,ISL,ISL,ISL,ISL,ISL,ISL,ISL,ISL,ISL,ISL,ISL,ISL,ISL,ISL,ISL,ISL,ISL,ISL,ISL,ISL,ISL,ISL,ISL,ISL,ISL,ISL,ISL,ISL,ISL,ISL,ISL,ISL,ISL,ISL,ISL,ISL,ISL,ISL,ISL,ISL,ISL,ISL,ISL,ISL,ISL,ISL,ISL,ISL,ISL,ISL,ISL,ISL,ISL,ISL,ISL,ISL,ISL,ISL,ISL,ISL,ISL,ISL,ISL,ISL,ISL,ISL,ISL,ISL,ISL,ISL,ISL,ISL,ISL,ISL,ISL,ISL,ISL,ISL,ISL,ISL,ISL,ISL,ISL,ISL,ISL,ISL,ISL,ISL,ISL,ISL,ISL,ISL,ISL,ISL,ISL,ISL,ISL,ISL,ISL,ISL,ISL,ISL,ISL,ISL,ISL,ISL,ISL,ISL,ISL,ISL,ISL,ISL
subject,B11,B11,B11,B11,B1_GE,B1_GE,B1_GE,B1_GE,B1_GE,B1_GE,B1_GE,B1_GE,B1_GE,B1_GE,B1_GE,B1_GE,B1_GE,B1_GE,B1_GE,DB1_GE,DB1_GE,EEM,EEM,EEMNC,EEMNC,EEMVA,EEMVA,EEMVB_E,EEMVB_E,EEMVC,EEMVC,EEMVF,EEMVF,EEMVG_I,EEMVG_I,EEMVJ,EEMVJ,EEMVK,EEMVK,EEMVL,EEMVL,EEMVM_N,EEMVM_N,EEMVO_Q,EEMVO_Q,EEMVR_U,EEMVR_U,ESE,ESE,ESENC,ESENC,ESEVA,ESEVA,ESEVB_E,ESEVB_E,ESEVC,ESEVC,ESEVF,ESEVF,ESEVG_I,ESEVG_I,ESEVJ,ESEVJ,ESEVK,ESEVK,ESEVL,ESEVL,ESEVM_N,ESEVM_N,ESEVO_Q,ESEVO_Q,ESEVR_U,ESEVR_U,ETO,ETO,ETONC,ETONC,ETOVA,ETOVA,ETOVB_E,ETOVB_E,ETOVC,ETOVC,ETOVF,ETOVF,ETOVG_I,ETOVG_I,ETOVJ,ETOVJ,ETOVK,ETOVK,ETOVL,ETOVL,ETOVM_N,ETOVM_N,ETOVO_Q,ETOVO_Q,ETOVR_U,ETOVR_U,P3,P3,P3,P3,P3,P311B,P311B,P311B,P311B,P312B,P312B,P312B,P312B,P312N,P312N,P312N,P312N,P313B,P313B,P313B,P313B,P314B,P314B,P314B,P314B,P31DC,P31DC,P31DC,P31DC,P31NC,P31NC,P31NC,P31NC,P31S13,P31S13,P31S13,P31S13,P31S14,P31S14,P31S14,P31S14,P31S14_S15,P31S14_S15,P31S14_S15,P31S14_S15,P31S14_S15,P31S14_S15,P31S14_S15,P31S14_S15,P31S14_S15,P31S14_S15,P31S14_S15,P31S14_S15,P31S14_S15,P31S14_S15B,P31S14_S15B,P31S14_S15B,P31S14_S15B,P31S15,P31S15,P31S15,P31S15,P32S13,P32S13,P32S13,P32S13,P3S13,P3S13,P3S13,P3S13,P3S13,P3S13,P3S13,P3S13,P3S13,P3S13,P3S13,P3S13,P3S13,P3_P5,P3_P5,P3_P5,P3_P5,P41,P41,P41,P41,P5,P5,P5,P5,P51,P51,P51,P51,P51,P51,P51,P51,P51,P51,P51,P51,P51,P51A,P51A,P51A,P51A,P51N1111,P51N1111,P51N1111,P51N1111,P51N1112,P51N1112,P51N1112,P51N1112,P51N1113,P51N1113,P51N1113,P51N1113,P51N11131,P51N11131,P51N11131,P51N11131,P51N1113I,P51N1113I,P51N1113I,P51N1113I,P51N1113O,P51N1113O,P51N1113O,P51N1113O,P51N1114,P51N1114,P51N1114,P51N1114,P51N112,P51N112,P51N112,P51N112,P51S,P51S,P51S,P51S,P51S13,P51S13,P51S13,P51S13,P52,P52,P52_P53,P52_P53,P6,P6,P6,P6,P6,P6,P6,P6,P6,P6,P6,P6,P6,P61,P61,P61,P61,P62,P62,P62,P62,P7,P7,P7,P7,P7,P7,P7,P7,P7,P7,P7,P7,P7,P71,P71,P71,P71,P72,P72,P72,P72,POPNC,POPNC,PPPGDP,RB1_GE,RB1_GE,RB1_GE,RB1_GE,RB1_GE,RB1_GE
measure,CQR,CQRSA,LNBQR,LNBQRSA,CARSA,CPCARSA,CQR,CQRSA,DNBSA,DOBSA,GPSA,GYSA,HCPCARSA,HVPVOBARSA,LNBQR,LNBQRSA,VIXOBSA,VOBARSA,VPVOBARSA,CQR,CQRSA,HRS,PER,PER,PERSA,HRS,PER,HRS,PER,HRS,PER,HRS,PER,HRS,PER,HRS,PER,HRS,PER,HRS,PER,HRS,PER,HRS,PER,HRS,PER,HRS,PER,PER,PERSA,HRS,PER,HRS,PER,HRS,PER,HRS,PER,HRS,PER,HRS,PER,HRS,PER,HRS,PER,HRS,PER,HRS,PER,HRS,PER,HRS,PER,PER,PERSA,HRS,PER,HRS,PER,HRS,PER,HRS,PER,HRS,PER,HRS,PER,HRS,PER,HRS,PER,HRS,PER,HRS,PER,HRS,PER,CQR,CQRSA,DNBSA,LNBQR,LNBQRSA,CQR,CQRSA,LNBQR,LNBQRSA,CQR,CQRSA,LNBQR,LNBQRSA,CQR,CQRSA,LNBQR,LNBQRSA,CQR,CQRSA,LNBQR,LNBQRSA,CQR,CQRSA,LNBQR,LNBQRSA,CQR,CQRSA,LNBQR,LNBQRSA,CQR,CQRSA,LNBQR,LNBQRSA,CQR,CQRSA,LNBQR,LNBQRSA,CQR,CQRSA,LNBQR,LNBQRSA,CARSA,CPCARSA,CQR,CQRSA,DNBSA,DOBSA,GPSA,GYSA,LNBQR,LNBQRSA,VIXOBSA,VOBARSA,VPVOBARSA,CQR,CQRSA,LNBQR,LNBQRSA,CQR,CQRSA,LNBQR,LNBQRSA,CQR,CQRSA,LNBQR,LNBQRSA,CARSA,CPCARSA,CQR,CQRSA,DNBSA,DOBSA,GPSA,GYSA,LNBQR,LNBQRSA,VIXOBSA,VOBARSA,VPVOBARSA,CQR,CQRSA,LNBQR,LNBQRSA,CQR,CQRSA,LNBQR,LNBQRSA,CQR,CQRSA,LNBQR,LNBQRSA,CARSA,CPCARSA,CQR,CQRSA,DNBSA,DOBSA,GPSA,GYSA,LNBQR,LNBQRSA,VIXOBSA,VOBARSA,VPVOBARSA,CQR,CQRSA,LNBQR,LNBQRSA,CQR,CQRSA,LNBQR,LNBQRSA,CQR,CQRSA,LNBQR,LNBQRSA,CQR,CQRSA,LNBQR,LNBQRSA,CQR,CQRSA,LNBQR,LNBQRSA,CQR,CQRSA,LNBQR,LNBQRSA,CQR,CQRSA,LNBQR,LNBQRSA,CQR,CQRSA,LNBQR,LNBQRSA,CQR,CQRSA,LNBQR,LNBQRSA,CQR,CQRSA,LNBQR,LNBQRSA,CQR,CQRSA,LNBQR,LNBQRSA,CQR,CQRSA,CQR,CQRSA,CARSA,CPCARSA,CQR,CQRSA,DNBSA,DOBSA,GPSA,GYSA,LNBQR,LNBQRSA,VIXOBSA,VOBARSA,VPVOBARSA,CQR,CQRSA,LNBQR,LNBQRSA,CQR,CQRSA,LNBQR,LNBQRSA,CARSA,CPCARSA,CQR,CQRSA,DNBSA,DOBSA,GPSA,GYSA,LNBQR,LNBQRSA,VIXOBSA,VOBARSA,VPVOBARSA,CQR,CQRSA,LNBQR,LNBQRSA,CQR,CQRSA,LNBQR,LNBQRSA,PER,PERSA,CD,CARSA,CQR,CQRSA,LNBQR,LNBQRSA,VOBARSA
unit,Iceland Krona,Iceland Krona,Iceland Krona,Iceland Krona,Iceland Krona,US Dollar,Iceland Krona,Iceland Krona,Index,Index,Percentage,Percentage,US Dollar,US Dollar,Iceland Krona,Iceland Krona,Index,Iceland Krona,US Dollar,Iceland Krona,Iceland Krona,Hours,Persons,Persons,Persons,Hours,Persons,Hours,Persons,Hours,Persons,Hours,Persons,Hours,Persons,Hours,Persons,Hours,Persons,Hours,Persons,Hours,Persons,Hours,Persons,Hours,Persons,Hours,Persons,Persons,Persons,Hours,Persons,Hours,Persons,Hours,Persons,Hours,Persons,Hours,Persons,Hours,Persons,Hours,Persons,Hours,Persons,Hours,Persons,Hours,Persons,Hours,Persons,Hours,Persons,Persons,Persons,Hours,Persons,Hours,Persons,Hours,Persons,Hours,Persons,Hours,Persons,Hours,Persons,Hours,Persons,Hours,Persons,Hours,Persons,Hours,Persons,Hours,Persons,Iceland Krona,Iceland Krona,Index,Iceland Krona,Iceland Krona,Iceland Krona,Iceland Krona,Iceland Krona,Iceland Krona,Iceland Krona,Iceland Krona,Iceland Krona,Iceland Krona,Iceland Krona,Iceland Krona,Iceland Krona,Iceland Krona,Iceland Krona,Iceland Krona,Iceland Krona,Iceland Krona,Iceland Krona,Iceland Krona,Iceland Krona,Iceland Krona,Iceland Krona,Iceland Krona,Iceland Krona,Iceland Krona,Iceland Krona,Iceland Krona,Iceland Krona,Iceland Krona,Iceland Krona,Iceland Krona,Iceland Krona,Iceland Krona,Iceland Krona,Iceland Krona,Iceland Krona,Iceland Krona,Iceland Krona,US Dollar,Iceland Krona,Iceland Krona,Index,Index,Percentage,Percentage,Iceland Krona,Iceland Krona,Index,Iceland Krona,US Dollar,Iceland Krona,Iceland Krona,Iceland Krona,Iceland Krona,Iceland Krona,Iceland Krona,Iceland Krona,Iceland Krona,Iceland Krona,Iceland Krona,Iceland Krona,Iceland Krona,Iceland Krona,US Dollar,Iceland Krona,Iceland Krona,Index,Index,Percentage,Percentage,Iceland Krona,Iceland Krona,Index,Iceland Krona,US Dollar,Iceland Krona,Iceland Krona,Iceland Krona,Iceland Krona,Iceland Krona,Iceland Krona,Iceland Krona,Iceland Krona,Iceland Krona,Iceland Krona,Iceland Krona,Iceland Krona,Iceland Krona,US Dollar,Iceland Krona,Iceland Krona,Index,Index,Percentage,Percentage,Iceland Krona,Iceland Krona,Index,Iceland Krona,US Dollar,Iceland Krona,Iceland Krona,Iceland Krona,Iceland Krona,Iceland Krona,Iceland Krona,Iceland Krona,Iceland Krona,Iceland Krona,Iceland Krona,Iceland Krona,Iceland Krona,Iceland Krona,Iceland Krona,Iceland Krona,Iceland Krona,Iceland Krona,Iceland Krona,Iceland Krona,Iceland Krona,Iceland Krona,Iceland Krona,Iceland Krona,Iceland Krona,Iceland Krona,Iceland Krona,Iceland Krona,Iceland Krona,Iceland Krona,Iceland Krona,Iceland Krona,Iceland Krona,Iceland Krona,Iceland Krona,Iceland Krona,Iceland Krona,Iceland Krona,Iceland Krona,Iceland Krona,Iceland Krona,Iceland Krona,Iceland Krona,Iceland Krona,Iceland Krona,Iceland Krona,Iceland Krona,Iceland Krona,Iceland Krona,Iceland Krona,US Dollar,Iceland Krona,Iceland Krona,Index,Index,Percentage,Percentage,Iceland Krona,Iceland Krona,Index,Iceland Krona,US Dollar,Iceland Krona,Iceland Krona,Iceland Krona,Iceland Krona,Iceland Krona,Iceland Krona,Iceland Krona,Iceland Krona,Iceland Krona,US Dollar,Iceland Krona,Iceland Krona,Index,Index,Percentage,Percentage,Iceland Krona,Iceland Krona,Index,Iceland Krona,US Dollar,Iceland Krona,Iceland Krona,Iceland Krona,Iceland Krona,Iceland Krona,Iceland Krona,Iceland Krona,Iceland Krona,Persons,Persons,Iceland Krona,Iceland Krona,Iceland Krona,Iceland Krona,Iceland Krona,Iceland Krona,Iceland Krona
powercode,Millions,Millions,Millions,Millions,Millions,Millions,Millions,Millions,Units,Units,Units,Units,Units,Units,Millions,Millions,Units,Millions,Millions,Millions,Millions,Millions,Thousands,Thousands,Thousands,Millions,Thousands,Millions,Thousands,Millions,Thousands,Millions,Thousands,Millions,Thousands,Millions,Thousands,Millions,Thousands,Millions,Thousands,Millions,Thousands,Millions,Thousands,Millions,Thousands,Millions,Thousands,Thousands,Thousands,Millions,Thousands,Millions,Thousands,Millions,Thousands,Millions,Thousands,Millions,Thousands,Millions,Thousands,Millions,Thousands,Millions,Thousands,Millions,Thousands,Millions,Thousands,Millions,Thousands,Millions,Thousands,Thousands,Thousands,Millions,Thousands,Millions,Thousands,Millions,Thousands,Millions,Thousands,Millions,Thousands,Millions,Thousands,Millions,Thousands,Millions,Thousands,Millions,Thousands,Millions,Thousands,Millions,Thousands,Millions,Millions,Units,Millions,Millions,Millions,Millions,Millions,Millions,Millions,Millions,Millions,Millions,Millions,Millions,Millions,Millions,Millions,Millions,Millions,Millions,Millions,Millions,Millions,Millions,Millions,Millions,Millions,Millions,Millions,Millions,Millions,Millions,Millions,Millions,Millions,Millions,Millions,Millions,Millions,Millions,Millions,Millions,Millions,Millions,Units,Units,Units,Units,Millions,Millions,Units,Millions,Millions,Millions,Millions,Millions,Millions,Millions,Millions,Millions,Millions,Millions,Millions,Millions,Millions,Millions,Millions,Millions,Millions,Units,Units,Units,Units,Millions,Millions,Units,Millions,Millions,Millions,Millions,Millions,Millions,Millions,Millions,Millions,Millions,Millions,Millions,Millions,Millions,Millions,Millions,Millions,Millions,Units,Units,Units,Units,Millions,Millions,Units,Millions,Millions,Millions,Millions,Millions,Millions,Millions,Millions,Millions,Millions,Millions,Millions,Millions,Millions,Millions,Millions,Millions,Millions,Millions,Millions,Millions,Millions,Millions,Millions,Millions,Millions,Millions,Millions,Millions,Millions,Millions,Millions,Millions,Millions,Millions,Millions,Millions,Millions,Millions,Millions,Millions,Millions,Millions,Millions,Millions,Millions,Millions,Millions,Millions,Millions,Millions,Millions,Millions,Millions,Units,Units,Units,Units,Millions,Millions,Units,Millions,Millions,Millions,Millions,Millions,Millions,Millions,Millions,Millions,Millions,Millions,Millions,Millions,Millions,Units,Units,Units,Units,Millions,Millions,Units,Millions,Millions,Millions,Millions,Millions,Millions,Millions,Millions,Millions,Millions,Thousands,Thousands,Units,Millions,Millions,Millions,Millions,Millions,Millions
reference_period,,,2015,2015,,,,,2015,2015,,,,2015,2015,2015,2015,2015,2015,,,,,,,,,,,,,,,,,,,,,,,,,,,,,,,,,,,,,,,,,,,,,,,,,,,,,,,,,,,,,,,,,,,,,,,,,,,,,,,,,,,2015,2015,2015,,,2015,2015,,,2015,2015,,,2015,2015,,,2015,2015,,,2015,2015,,,2015,2015,,,2015,2015,,,2015,2015,,,2015,2015,,,,,2015,2015,,,2015,2015,2015,2015,2015,,,2015,2015,,,2015,2015,,,2015,2015,,,,,2015,2015,,,2015,2015,2015,2015,2015,,,2015,2015,,,2015,2015,,,2015,2015,,,,,2015,2015,,,2015,2015,2015,2015,2015,,,2015,2015,,,2015,2015,,,2015,2015,,,2015,2015,,,2015,2015,,,2015,2015,,,2015,2015,,,2015,2015,,,2015,2015,,,2015,2015,,,2015,2015,,,,,,,,,2015,2015,,,2015,2015,2015,2015,2015,,,2015,2015,,,2015,2015,,,,,2015,2015,,,2015,2015,2015,2015,2015,,,2015,2015,,,2015,2015,,,,,,,2015,2015,2015
time,,,,,,,,,,,,,,,,,,,,,,,,,,,,,,,,,,,,,,,,,,,,,,,,,,,,,,,,,,,,,,,,,,,,,,,,,,,,,,,,,,,,,,,,,,,,,,,,,,,,,,,,,,,,,,,,,,,,,,,,,,,,,,,,,,,,,,,,,,,,,,,,,,,,,,,,,,,,,,,,,,,,,,,,,,,,,,,,,,,,,,,,,,,,,,,,,,,,,,,,,,,,,,,,,,,,,,,,,,,,,,,,,,,,,,,,,,,,,,,,,,,,,,,,,,,,,,,,,,,,,,,,,,,,,,,,,,,,,,,,,,,,,,,,,,,,,,,,,,,,,,
1960,,,,,94.0,383.8,,,,,,,,,,,,308811.1,2175.1,,,,,,,,,,,,,,,,,,,,,,,,,,,,,,,,,,,,,,,,,,,,,,,,,,,,,,,,,,,,,,,,,,,,,,,,,,,,,,,,,,,,,,,,,,,,,,,,,,,,,,,,,,,,,,,,,,,,,,,,,,58.1,237.3,,,,,,,,,,160430.0,1130.0,,,,,,,,,,,,,9.8,39.9,,,,,,,,,,51966.3,366.0,,,,,,,,,,,,,32.4,132.0,,,,,,,,,,92068.5,648.5,,,,,,,,,,,,,,,,,,,,,,,,,,,,,,,,,,,,,,,,,,,,,,,,,37.3,152.3,,,,,,,,,,103308.7,727.7,,,,,,,,,40.9,167.1,,,,,,,,,,98354.4,692.8,,,,,,,,,,,0.24502,-2.6,,,,,-608.0
1961,,,,,106.8,390.0,,,,,-0.083579719,-0.083579719,,,,,,308553.0,2173.3,,,,,,,,,,,,,,,,,,,,,,,,,,,,,,,,,,,,,,,,,,,,,,,,,,,,,,,,,,,,,,,,,,,,,,,,,,,,,,,,,,,,,,,,,,,,,,,,,,,,,,,,,,,,,,,,,,,,,,,,,,63.8,232.9,,,,,-0.25292152,-0.25292152,,,,160024.3,1127.1,,,,,,,,,,,,,10.9,39.7,,,,,2.115947015,2.115947015,,,,53065.9,373.8,,,,,,,,,,,,,28.2,103.0,,,,,-22.75592436,-22.75592436,,,,71117.5,500.9,,,,,,,,,,,,,,,,,,,,,,,,,,,,,,,,,,,,,,,,,,,,,,,,,42.2,154.0,,,,,-0.339804298,-0.339804298,,,,102957.7,725.2,,,,,,,,,39.5,144.0,,,,,-9.052631579,-9.052631579,,,,89450.8,630.0,,,,,,,,,,,0.27392,1.2,,,,,10838.5
1962,,,,,128.2,429.4,,,,,8.31268233,8.31268233,,,,,,334202.1,2354.0,,,,,,,,,,,,,,,,,,,,,,,,,,,,,,,,,,,,,,,,,,,,,,,,,,,,,,,,,,,,,,,,,,,,,,,,,,,,,,,,,,,,,,,,,,,,,,,,,,,,,,,,,,,,,,,,,,,,,,,,,,77.1,258.4,,,,,10.927262632,10.927262632,,,,177510.5,1250.3,,,,,,,,,,,,,13.0,43.5,,,,,6.519541779,6.519541779,,,,56525.5,398.1,,,,,,,,,,,,,35.7,119.5,,,,,14.621423407,14.621423407,,,,81515.9,574.2,,,,,,,,,,,,,,,,,,,,,,,,,,,,,,,,,,,,,,,,,,,,,,,,,55.0,184.1,,,,,20.075769534,20.075769534,,,,123627.2,870.8,,,,,,,,,51.3,171.7,,,,,20.275297619,20.275297619,,,,107587.2,757.8,,,,,,,,,,,0.29859,-1.3,,,,,2610.0
1963,,,,,153.2,480.5,,,,,10.283143638,10.283143638,,,,,,368568.5,2596.0,,,,,,,,,,,,,,,,,,,,,,,,,,,,,,,,,,,,,,,,,,,,,,,,,,,,,,,,,,,,,,,,,,,,,,,,,,,,,,,,,,,,,,,,,,,,,,,,,,,,,,,,,,,,,,,,,,,,,,,,,,93.1,292.0,,,,,11.325791704,11.325791704,,,,197615.0,1391.9,,,,,,,,,,,,,16.4,51.5,,,,,6.594970742,6.594970742,,,,60253.4,424.4,,,,,,,,,,,,,48.8,153.2,,,,,30.964718605,30.964718605,,,,106757.0,751.9,,,,,,,,,,,,,,,,,,,,,,,,,,,,,,,,,,,,,,,,,,,,,,,,,60.1,188.5,,,,,7.490666246,7.490666246,,,,132887.7,936.0,,,,,,,,,62.1,195.0,,,,,18.699522288,18.699522288,,,,127705.4,899.5,,,,,,,,,,,0.31877,-3.1,,,,,-1239.2
1964,,,,,195.7,539.0,,,,,9.916928545,9.916928545,,,,,,405119.2,2853.5,,,,,,,,,,,,,,,,,,,,,,,,,,,,,,,,,,,,,,,,,,,,,,,,,,,,,,,,,,,,,,,,,,,,,,,,,,,,,,,,,,,,,,,,,,,,,,,,,,,,,,,,,,,,,,,,,,,,,,,,,,116.0,319.6,,,,,8.982044903,8.982044903,,,,215364.9,1516.9,,,,,,,,,,,,,21.1,58.0,,,,,9.495548961,9.495548961,,,,65974.8,464.7,,,,,,,,,,,,,63.9,176.0,,,,,18.751075176,18.751075176,,,,126775.1,892.9,,,,,,,,,,,,,,,,,,,,,,,,,,,,,,,,,,,,,,,,,,,,,,,,,68.9,189.9,,,,,5.092581268,5.092581268,,,,139655.2,983.7,,,,,,,,,72.1,198.6,,,,,13.535815623,13.535815623,,,,144991.4,1021.2,,,,,,,,,,,0.36301,-2.2,,,,,2340.7
1965,,,,,236.4,590.8,,,,,7.289277523,7.289277523,,,,,,434649.5,3061.5,,,,,,,,,,,,,,,,,,,,,,,,,,,,,,,,,,,,,,,,,,,,,,,,,,,,,,,,,,,,,,,,,,,,,,,,,,,,,,,,,,,,,,,,,,,,,,,,,,,,,,,,,,,,,,,,,,,,,,,,,,135.0,337.4,,,,,7.6586674,7.6586674,,,,231858.9,1633.1,,,,,,,,,,,,,25.3,63.3,,,,,6.768292683,6.768292683,,,,70440.1,496.1,,,,,,,,,,,,,71.5,178.6,,,,,-1.370418659,-1.370418659,,,,125037.8,880.7,,,,,,,,,,,,,,,,,,,,,,,,,,,,,,,,,,,,,,,,,,,,,,,,,81.6,203.9,,,,,7.378098452,7.378098452,,,,149959.1,1056.2,,,,,,,,,78.8,197.0,,,,,6.928824624,6.928824624,,,,155037.6,1092.0,,,,,,,,,,,0.40014,1.9,,,,,12391.2
1966,,,,,283.9,661.5,,,,,8.736574105,8.736574105,,,,,,472622.9,3328.9,,,,,,,,,,,,,,,,,,,,,,,,,,,,,,,,,,,,,,,,,,,,,,,,,,,,,,,,,,,,,,,,,,,,,,,,,,,,,,,,,,,,,,,,,,,,,,,,,,,,,,,,,,,,,,,,,,,,,,,,,,168.2,391.9,,,,,13.301568647,13.301568647,,,,262699.8,1850.3,,,,,,,,,,,,,31.0,72.3,,,,,7.773335872,7.773335872,,,,75915.7,534.7,,,,,,,,,,,,,90.0,209.6,,,,,15.360437107,15.360437107,,,,144244.1,1016.0,,,,,,,,,,,,,,,,,,,,,,,,,,,,,,,,,,,,,,,,,,,,,,,,,88.8,207.0,,,,,6.704237564,6.704237564,,,,160012.7,1127.0,,,,,,,,,91.7,213.6,,,,,14.755544956,14.755544956,,,,177914.3,1253.1,,,,,,,,,,,0.42925,-2.4,,,,,7664.9
1967,,,,,288.1,671.6,,,,,-1.268337304,-1.268337304,,,,,,466628.5,3286.7,,,,,,,,,,,,,,,,,,,,,,,,,,,,,,,,,,,,,,,,,,,,,,,,,,,,,,,,,,,,,,,,,,,,,,,,,,,,,,,,,,,,,,,,,,,,,,,,,,,,,,,,,,,,,,,,,,,,,,,,,,177.7,414.4,,,,,1.517525959,1.517525959,,,,266686.4,1878.4,,,,,,,,,,,,,34.6,80.8,,,,,7.954545455,7.954545455,,,,81954.4,577.2,,,,,,,,,,,,,102.2,238.4,,,,,11.619261032,11.619261032,,,,161004.2,1134.0,,,,,,,,,,,,,,,,,,,,,,,,,,,,,,,,,,,,,,,,,,,,,,,,,76.9,179.3,,,,,-12.698058016,-12.698058016,,,,139694.2,983.9,,,,,,,,,98.6,229.8,,,,,6.313776836,6.313776836,,,,189147.4,1332.3,,,,,,,,,,,0.42896,-4.9,,,,,6436.7
1968,,,,,309.6,663.8,,,,,-5.47454592,-5.47454592,,,,,,441082.7,3106.8,,,,,,,,,,,,,,,,,,,,,,,,,,,,,,,,,,,,,,,,,,,,,,,,,,,,,,,,,,,,,,,,,,,,,,,,,,,,,,,,,,,,,,,,,,,,,,,,,,,,,,,,,,,,,,,,,,,,,,,,,,191.0,409.4,,,,,-5.356329754,-5.356329754,,,,252401.8,1777.8,,,,,,,,,,,,,39.8,85.3,,,,,5.574038724,5.574038724,,,,86522.6,609.4,,,,,,,,,,,,,110.8,237.6,,,,,-8.801387051,-8.801387051,,,,146833.6,1034.2,,,,,,,,,,,,,,,,,,,,,,,,,,,,,,,,,,,,,,,,,,,,,,,,,93.1,199.6,,,,,-6.424366522,-6.424366522,,,,130719.7,920.7,,,,,,,,,116.3,249.3,,,,,-8.959046037,-8.959046037,,,,172201.6,1212.9,,,,,,,,,,,0.46646,-8.8,,,,,-3193.4
1969,,,,,383.2,716.3,,,,,2.374282266,2.374282266,,,,,,451555.3,3180.5,,,,,,,,,,,,,,,,,,,,,,,,,,,,,,,,,,,,,,,,,,,,,,,,,,,,,,,,,,,,,,,,,,,,,,,,,,,,,,,,,,,,,,,,,,,,,,,,,,,,,,,,,,,,,,,,,,,,,,,,,,220.3,411.9,,,,,-5.105609012,-5.105609012,,,,239515.1,1687.0,,,,,,,,,,,,,47.4,88.6,,,,,3.187477398,3.187477398,,,,89280.5,628.8,,,,,,,,,,,,,108.3,202.5,,,,,-23.726736042,-23.726736042,,,,111994.8,788.8,,,,,,,,,,,,,,,,,,,,,,,,,,,,,,,,,,,,,,,,,,,,,,,,,157.6,294.7,,,,,17.401034414,17.401034414,,,,153466.3,1080.9,,,,,,,,,150.5,281.3,,,,,-13.574680065,-13.574680065,,,,148825.8,1048.3,,,,,,,,,,,0.53493,0.0,,,,,6124.3
1970,,,,,479.5,813.9,,,,,7.459220783,7.459220783,,,,,,485237.8,3417.8,,,,,,,,,,,,,,,,,,,,,,,,,,,,,,,,,,,,,,,,,,,,,,,,,,,,,,,,,,,,,,,,,,,,,,,,,,,,,,,,,,,,,,,,,,,,,,,,,,,,,,,,,,,,,,,,,,,,,,,,,,284.0,482.0,,,,,16.024681893,16.024681893,,,,277896.6,1957.4,,,,,,,,,,,,,61.4,104.2,,,,,8.8164614,8.8164614,,,,97151.9,684.3,,,,,,,,,,,,,131.9,223.9,,,,,7.189006592,7.189006592,,,,120046.1,845.5,,,,,,,,,,,,,,,,,,,,,,,,,,,,,,,,,,,,,,,,,,,,,,,,,205.4,348.7,,,,,16.467573177,16.467573177,,,,178738.4,1258.9,,,,,,,,,197.8,335.8,,,,,27.860869565,27.860869565,,,,190289.9,1340.3,,,,,,,,,,,0.58911,-5.4,,,,,1694.6
1971,,,,,610.1,966.8,,,,,13.060837645,13.060837645,,,,,,548613.9,3864.2,,,,,,,,,,,,,,,,,,,,,,,,,,,,,,,,,,,,,,,,,,,,,,,,,,,,,,,,,,,,,,,,,,,,,,,,,,,,,,,,,,,,,,,,,,,,,,,,,,,,,,,,,,,,,,,,,,,,,,,,,,359.2,569.2,,,,,17.156968579,17.156968579,,,,325575.3,2293.2,,,,,,,,,,,,,80.7,128.0,,,,,7.606508853,7.606508853,,,,104541.7,736.3,,,,,,,,,,,,,202.4,320.6,,,,,42.350814615,42.350814615,,,,170886.6,1203.6,,,,,,,,,,,,,,,,,,,,,,,,,,,,,,,,,,,,,,,,,,,,,,,,,217.5,344.7,,,,,-8.231748528,-8.231748528,,,,164025.1,1155.3,,,,,,,,,255.2,404.5,,,,,24.578871355,24.578871355,,,,237061.0,1669.7,,,,,,,,,,,0.63107,5.5,,,,,20646.1
1972,,,,,766.6,1070.9,,,,,6.177334447,6.177334447,,,,,,582503.6,4102.9,,,,,,,,,,,,,,,,,,,,,,,,,,,,,,,,,,,,,,,,,,,,,,,,,,,,,,,,,,,,,,,,,,,,,,,,,,,,,,,,,,,,,,,,,,,,,,,,,,,,,,,,,,,,,,,,,,,,,,,,,,442.1,617.6,,,,,7.267455636,7.267455636,,,,349236.3,2459.8,,,,,,,,,,,,,112.5,157.2,,,,,14.511565269,14.511565269,,,,119712.4,843.2,,,,,,,,,,,,,246.4,344.1,,,,,0.875657336,0.875657336,,,,172383.0,1214.2,,,,,,,,,,,,,,,,,,,,,,,,,,,,,,,,,,,,,,,,,,,,,,,,,255.7,357.1,,,,,14.505227426,14.505227426,,,,187817.4,1322.9,,,,,,,,,269.1,375.9,,,,,0.513406809,0.513406809,,,,238278.1,1678.3,,,,,,,,,,,0.71584,-21.0,,,,,-8367.4
1973,,,,,1076.3,1206.4,,,,,6.806009722,6.806009722,,,,,,622148.8,4382.1,,,,,,,,,,,,,,,,,,,,,,,,,,,,,,,,,,,,,,,,,,,,,,,,,,,,,,,,,,,,,,,,,,,,,,,,,,,,,,,,,,,,,,,,,,,,,,,,,,,,,,,,,,,,,,,,,,,,,,,,,,587.3,658.3,,,,,5.330990329,5.330990329,,,,367854.1,2591.0,,,,,,,,,,,,,153.0,171.5,,,,,8.495092489,8.495092489,,,,129882.1,914.8,,,,,,,,,,,,,377.6,423.3,,,,,22.433846805,22.433846805,,,,211055.1,1486.6,,,,,,,,,,,,,,,,,,,,,,,,,,,,,,,,,,,,,,,,,,,,,,,,,364.6,408.7,,,,,8.664433023,8.664433023,,,,204090.7,1437.5,,,,,,,,,386.0,432.6,,,,,20.329857235,20.329857235,,,,286719.7,2019.5,,,,,,,,,,,0.89213,-20.2,,,,,-4013.4
1974,,,,,1566.5,1390.1,,,,,5.706292138,5.706292138,,,,,,657650.5,4632.2,,,,,,,,,,,,,,,,,,,,,,,,,,,,,,,,,,,,,,,,,,,,,,,,,,,,,,,,,,,,,,,,,,,,,,,,,,,,,,,,,,,,,,,,,,,,,,,,,,,,,,,,,,,,,,,,,,,,,,,,,,891.0,790.6,,,,,10.256103566,10.256103566,,,,405581.6,2856.7,,,,,,,,,,,,,247.6,219.7,,,,,8.475123532,8.475123532,,,,140889.7,992.4,,,,,,,,,,,,,581.7,516.2,,,,,7.924844889,7.924844889,,,,227780.9,1604.4,,,,,,,,,,,,,,,,,,,,,,,,,,,,,,,,,,,,,,,,,,,,,,,,,468.7,415.9,,,,,-2.662788758,-2.662788758,,,,198656.2,1399.2,,,,,,,,,614.2,545.0,,,,,12.517282047,12.517282047,,,,322609.2,2272.3,,,,,,,,,,,1.12697,-8.2,,,,,7351.3
1975,,,,,2236.8,1528.6,,,,,0.646155077,0.646155077,,,,,,661899.9,4662.1,,,,,,,,,,,,,,,,,,,,,,,,,,,,,,,,,,,,,,,,,,,,,,,,,,,,,,,,,,,,,,,,,,,,,,,,,,,,,,,,,,,,,,,,,,,,,,,,,,,,,,,,,,,,,,,,,,,,,,,,,,1252.2,855.8,,,,,-9.607375723,-9.607375723,,,,366615.8,2582.3,,,,,,,,,,,,,361.8,247.2,,,,,9.334205043,9.334205043,,,,154040.7,1085.0,,,,,,,,,,,,,808.6,552.6,,,,,-8.823454695,-8.823454695,,,,207682.8,1462.8,,,,,,,,,,,,,,,,,,,,,,,,,,,,,,,,,,,,,,,,,,,,,,,,,709.2,484.7,,,,,2.621475423,2.621475423,,,,203863.9,1435.9,,,,,,,,,888.3,607.1,,,,,-12.754338925,-12.754338925,,,,281462.5,1982.5,,,,,,,,,,,1.46327,-6.7,,,,,11159.3
1976,,,,,3146.0,1708.9,,,,,5.959367517,5.959367517,,,,,,701345.0,4939.9,,,,,,,,,,,,,,,,,,,,,,,,,,,,,,,,,,,,,,,,,,,,,,,,,,,,,,,,,,,,,,,,,,,,,,,,,,,,,,,,,,,,,,,,,,,,,,,,,,,,,,,,,,,,,,,,,,,,,,,,,,1714.5,931.3,,,,,5.422103629,5.422103629,,,,386494.1,2722.3,,,,,,,,,,,,,484.9,263.4,,,,,5.020491305,5.020491305,,,,161774.3,1139.5,,,,,,,,,,,,,992.4,539.1,,,,,-2.717944003,-2.717944003,,,,202038.1,1423.1,,,,,,,,,,,,,,,,,,,,,,,,,,,,,,,,,,,,,,,,,,,,,,,,,1034.9,562.2,,,,,13.067485489,13.067485489,,,,230503.8,1623.6,,,,,,,,,1024.9,556.7,,,,,-3.648308135,-3.648308135,,,,271193.9,1910.2,,,,,,,,,,,1.84098,-55.9,,,,,-8271.4
1977,,,,,4543.2,1975.2,,,,,8.822277247,8.822277247,,,,,,763219.6,5375.7,,,,,,,,,,,,,,,,,,,,,,,,,,,,,,,,,,,,,,,,,,,,,,,,,,,,,,,,,,,,,,,,,,,,,,,,,,,,,,,,,,,,,,,,,,,,,,,,,,,,,,,,,,,,,,,,,,,,,,,,,,2469.2,1073.5,,,,,12.911600511,12.911600511,,,,436396.7,3073.8,,,,,,,,,,,,,705.4,306.7,,,,,2.159945191,2.159945191,,,,165268.5,1164.1,,,,,,,,,,,,,1387.6,603.3,,,,,11.490852227,11.490852227,,,,225254.0,1586.6,,,,,,,,,,,,,,,,,,,,,,,,,,,,,,,,,,,,,,,,,,,,,,,,,1424.7,619.4,,,,,8.914193149,8.914193149,,,,251051.3,1768.3,,,,,,,,,1460.0,634.7,,,,,20.579829264,20.579829264,,,,327005.2,2303.3,,,,,,,,,,,2.30017,16.3,,,,,12254.2
1978,,,,,7044.2,2241.3,,,,,6.016714595,6.016714595,,,,,,809140.3,5699.2,,,,,,,,,,,,,,,,,,,,,,,,,,,,,,,,,,,,,,,,,,,,,,,,,,,,,,,,,,,,,,,,,,,,,,,,,,,,,,,,,,,,,,,,,,,,,,,,,,,,,,,,,,,,,,,,,,,,,,,,,,3855.4,1226.7,,,,,8.963410482,8.963410482,,,,475512.7,3349.3,,,,,,,,,,,,,1159.6,369.0,,,,,7.111785763,7.111785763,,,,177022.0,1246.9,,,,,,,,,,,,,1919.7,610.8,,,,,-5.541041469,-5.541041469,,,,212772.6,1498.7,,,,,,,,,,,,,,,,,,,,,,,,,,,,,,,,,,,,,,,,,,,,,,,,,2450.5,779.7,,,,,15.157480315,15.157480315,,,,289104.4,2036.3,,,,,,,,,2254.3,717.3,,,,,3.640588691,3.640588691,,,,338910.1,2387.1,,,,,,,,,,,3.1429,-86.7,,,,,-6361.3
1979,,,,,10407.5,2545.2,,,,,4.860582385,4.860582385,,,,,,848469.2,5976.2,,,,,,,,,,,,,,,,,,,,,,,,,,,,,,,,,,,,,,,,,,,,,,,,,,,,,,,,,,,,,,,,,,,,,,,,,,,,,,,,,,,,,,,,,,,,,,,,,,,,,,,,,,,,,,,,,,,,,,,,,,5799.7,1418.4,,,,,2.825020338,2.825020338,,,,488946.1,3443.9,,,,,,,,,,,,,1769.0,432.6,,,,,5.480889227,5.480889227,,,,186724.4,1315.2,,,,,,,,,,,,,2740.9,670.3,,,,,-1.770159393,-1.770159393,,,,209006.1,1472.1,,,,,,,,,,,,,,,,,,,,,,,,,,,,,,,,,,,,,,,,,,,,,,,,,3761.6,919.9,,,,,6.267806268,6.267806268,,,,307224.9,2163.9,,,,,,,,,3650.9,892.9,,,,,2.466367713,2.466367713,,,,347268.9,2446.0,,,,,,,,,,,4.08902,-12.8,,,,,3836.6
1980,,,,,16781.0,2934.6,,,,,5.74792071,5.74792071,,,,,,897238.6,6319.7,,,,,,,,,,,,,,,,,,,,,,,,,,,,,,,,,,,,,,,,,,,,,,,,,,,,,,,,,,,,,,,,,,,,,,,,,,,,,,,,,,,,,,,,,,,,,,,,,,,,,,,,,,,,,,,,,,,,,,,,,,9327.3,1631.2,,,,,3.38210546,3.38210546,,,,505482.7,3560.4,,,,,,,,,,,,,2750.3,481.0,,,,,2.109159745,2.109159745,,,,190662.7,1342.9,,,,,,,,,,,,,4779.7,835.9,,,,,13.945536797,13.945536797,,,,238153.2,1677.4,,,,,,,,,,,,,,,,,,,,,,,,,,,,,,,,,,,,,,,,,,,,,,,,,5673.0,992.1,,,,,2.698838248,2.698838248,,,,315516.4,2222.3,,,,,,,,,5679.0,993.1,,,,,2.99051787,2.99051787,,,,357654.0,2519.1,,,,,,,,,,,5.71824,-70.3,,,,,5077.5
1981,,,,,26197.2,3361.5,,,,,4.265007122,4.265007122,,,,,,935505.9,6589.2,,,,,,,,,,,,,,,,,,,,,,,,,,,,,,,,,,,,,,,,,,,,,,,,,,,,,,,,,,,,,,,,,,,,,,,,,,,,,,,,,,,,,,,,,,,,,,,,,,,,,,,,,,,,,,,,,,,,,,,,,,14958.8,1919.4,,,,,6.169215445,6.169215445,,,,536667.0,3780.0,,,,,,,,,,,,,4365.6,560.2,,,,,7.485753148,7.485753148,,,,204935.3,1443.5,,,,,,,,,,,,,7217.0,926.0,,,,,1.184490577,1.184490577,,,,240974.1,1697.3,,,,,,,,,,,,,,,,,,,,,,,,,,,,,,,,,,,,,,,,,,,,,,,,,8607.7,1104.5,,,,,3.163883101,3.163883101,,,,325499.0,2292.7,,,,,,,,,8986.0,1153.0,,,,,7.115991972,7.115991972,,,,383104.6,2698.4,,,,,,,,,,,7.79335,34.1,,,,,10535.1
1982,,,,,41036.2,3638.8,,,,,2.154566228,2.154566228,,,,,,955661.9,6731.2,,,,,,,,,,,,,,,,,,,,,,,,,,,,,,,,,,,,,,,,,,,,,,,,,,,,,,,,,,,,,,,,,,,,,,,,,,,,,,,,,,,,,,,,,,,,,,,,,,,,,,,,,,,,,,,,,,,,,,,,,,23866.0,2116.3,,,,,4.952014084,4.952014084,,,,563242.9,3967.2,,,,,,,,,,,,,7169.6,635.7,,,,,5.938952283,5.938952283,,,,217106.3,1529.2,,,,,,,,,,,,,11295.7,1001.6,,,,,0.062494284,0.062494284,,,,241124.7,1698.4,,,,,,,,,,,,,,,,,,,,,,,,,,,,,,,,,,,,,,,,,,,,,,,,,12557.0,1113.5,,,,,-8.943438259,-8.943438259,,,,296388.2,2087.6,,,,,,,,,14413.9,1278.1,,,,,-0.570198689,-0.570198689,,,,380920.2,2683.0,,,,,,,,,,,11.27745,561.9,,,,,18720.1
1983,,,,,70718.6,3675.3,,,,,-2.151161703,-2.151161703,,,,,,935104.1,6586.4,,,,,,,,,,,,,,,,,,,,,,,,,,,,,,,,,,,,,,,,,,,,,,,,,,,,,,,,,,,,,,,,,,,,,,,,,,,,,,,,,,,,,,,,,,,,,,,,,,,,,,,,,,,,,,,,,,,,,,,,,,41019.6,2131.8,,,,,-5.630166376,-5.630166376,,,,531531.4,3743.8,,,,,,,,,,,,,12445.0,646.8,,,,,4.68334878,4.68334878,,,,227274.1,1600.8,,,,,,,,,,,,,17232.8,895.6,,,,,-12.727161942,-12.727161942,,,,210436.3,1482.2,,,,,,,,,,,,,,,,,,,,,,,,,,,,,,,,,,,,,,,,,,,,,,,,,26867.6,1396.3,,,,,11.003308893,11.003308893,,,,329000.7,2317.3,,,,,,,,,25426.2,1321.4,,,,,-9.695380459,-9.695380459,,,,343988.5,2422.9,,,,,,,,,,,19.24184,-1420.2,,,,,-19149.9
1984,,,,,93741.8,3978.2,,,,,4.129118222,4.129118222,,,,,,973715.7,6858.4,,,,,,,,,,,,,,,,,,,,,,,,,,,,,,,,,,,,,,,,,,,,,,,,,,,,,,,,,,,,,,,,,,,,,,,,,,,,,,,,,,,,,,,,,,,,,,,,,,,,,,,,,,,,,,,,,,,,,,,,,,55877.1,2371.3,,,,,3.704343465,3.704343465,,,,551221.1,3882.5,,,,,,,,,,,,,15182.9,644.3,,,,,0.584312105,0.584312105,,,,228602.1,1610.2,,,,,,,,,,,,,22457.2,953.0,,,,,9.369545486,9.369545486,,,,230153.3,1621.1,,,,,,,,,,,,,,,,,,,,,,,,,,,,,,,,,,,,,,,,,,,,,,,,,33999.1,1442.8,,,,,2.406009615,2.406009615,,,,336916.5,2373.1,,,,,,,,,34078.6,1446.2,,,,,9.145147269,9.145147269,,,,375446.8,2644.5,,,,,,,,,,,23.56407,304.1,,,,,2269.5
1985,,,,,127306.1,4219.6,,,,,3.292841395,3.292841395,,,,,,1005778.6,7084.2,,,,,,,,,,,,,,,,,,,,,,,,,,,,,,,,,,,,,,,,,,,,,,,,,,,,,,,,,,,,,,,,,,,,,,,,,,,,,,,,,,,,,,,,,,,,,,,,,,,,,,,,,,,,,,,,,,,,,,,,,,77247.5,2560.4,,,,,4.222703411,4.222703411,,,,574497.5,4046.5,,,,,,,,,,,,,21822.7,723.3,,,,,6.491804561,6.491804561,,,,243442.5,1714.7,,,,,,,,,,,,,29647.2,982.7,,,,,1.027768912,1.027768912,,,,232518.7,1637.7,,,,,,,,,,,,,,,,,,,,,,,,,,,,,,,,,,,,,,,,,,,,,,,,,49118.1,1628.0,,,,,11.050614033,11.050614033,,,,374147.8,2635.3,,,,,,,,,48967.6,1623.0,,,,,9.419213408,9.419213408,,,,410810.9,2893.5,,,,,,,,,,,30.17037,-1561.7,,,,,-8017.1
1986,,,,,168565.9,4574.9,,,,,6.270541955,6.270541955,,,,,,1068846.3,7528.4,,,,,,,,,,,,,,,,,,,,,,,,,,,,,,,,,,,,,,,,,,,,,,,,,,,,,,,,,,,,,,,,,,,,,,,,,,,,,,,,,,,,,,,,,,,,,,,,,,,,,,,,,,,,,,,,,,,,,,,,,,99206.2,2692.5,,,,,6.912337863,6.912337863,,,,614208.8,4326.2,,,,,,,,,,,,,29719.3,806.6,,,,,7.251354578,7.251354578,,,,261095.4,1839.0,,,,,,,,,,,,,35897.7,974.3,,,,,-1.551244787,-1.551244787,,,,228911.8,1612.3,,,,,,,,,,,,,,,,,,,,,,,,,,,,,,,,,,,,,,,,,,,,,,,,,62352.5,1692.2,,,,,5.946521164,5.946521164,,,,396396.6,2792.0,,,,,,,,,56204.8,1525.4,,,,,0.94854249,0.94854249,,,,414707.6,2921.0,,,,,,,,,,,36.84608,-2405.0,,,,,-17058.6
1987,,,,,219834.4,5097.1,,,,,8.545939762,8.545939762,,,,,,1160189.3,8171.8,,,,,,,,,,,,,,,,,,,,,,,,,,,,,,,,,,,,,,,,,,,,,,,,,,,,,,,,,,,,,,,,,,,,,,,,,,,,,,,,,,,,,,,,,,,,,,,,,,,,,,,,,,,,,,,,,,,,,,,,,,133570.1,3097.0,,,,,16.168868743,16.168868743,,,,713519.4,5025.7,,,,,,,,,,,,,40258.8,933.4,,,,,6.540167486,6.540167486,,,,278171.5,1959.3,,,,,,,,,,,,,49518.6,1148.1,,,,,18.762234845,18.762234845,,,,271860.7,1914.9,,,,,,,,,,,,,,,,,,,,,,,,,,,,,,,,,,,,,,,,,,,,,,,,,72111.0,1672.0,,,,,3.266338663,3.266338663,,,,409344.2,2883.2,,,,,,,,,74386.4,1724.7,,,,,23.265258337,23.265258337,,,,511190.4,3600.6,,,,,,,,,,,43.12908,-1237.8,,,,,-1516.1
1988,,,,,270745.8,5277.9,,,,,-0.089726031,-0.089726031,,,,,,1159148.3,8164.5,,,,,,,,,,,,,,,,,,,,,,,,,,,,,,,,,,,,,,,,,,,,,,,,,,,,,,,,,,,,,,,,,,,,,,,,,,,,,,,,,,,,,,,,,,,,,,,,,,,,,,,,,,,,,,,,,,,,,,,,,,161083.7,3140.2,,,,,-3.801818929,-3.801818929,,,,686392.6,4834.6,,,,,,,,,,,,,52193.6,1017.5,,,,,4.65665788,4.65665788,,,,291125.0,2050.5,,,,,,,,,,,,,58645.9,1143.2,,,,,-0.205363778,-0.205363778,,,,271302.4,1910.9,,,,,,,,,,,,,,,,,,,,,,,,,,,,,,,,,,,,,,,,,,,,,,,,,82186.3,1602.1,,,,,-3.604770225,-3.604770225,,,,394588.3,2779.3,,,,,,,,,84585.4,1648.9,,,,,-4.584886659,-4.584886659,,,,487752.9,3435.5,,,,,,,,,,,51.29764,1221.7,,,,,3492.8
1989,,,,,326910.3,5390.0,,,,,0.258439856,0.258439856,,,,,,1162144.0,8185.6,,,,,,,,,,,,,,,,,,,,,,,,,,,,,,,,,,,,,,,,,,,,,,,,,,,,,,,,,,,,,,,,,,,,,,,,,,,,,,,,,,,,,,,,,,,,,,,,,,,,,,,,,,,,,,,,,,,,,,,,,,190272.6,3137.2,,,,,-4.168248818,-4.168248818,,,,657782.1,4633.1,,,,,,,,,,,,,62319.0,1027.5,,,,,3.014944171,3.014944171,,,,299902.2,2112.4,,,,,,,,,,,,,68168.9,1124.0,,,,,-7.863206206,-7.863206206,,,,249969.4,1760.7,,,,,,,,,,,,,,,,,,,,,,,,,,,,,,,,,,,,,,,,,,,,,,,,,106889.1,1762.4,,,,,2.94277668,2.94277668,,,,406200.2,2861.1,,,,,,,,,99819.0,1645.8,,,,,-10.257288794,-10.257288794,,,,437722.7,3083.1,,,,,,,,,,,60.65087,-920.3,,,,,-13987.2
1990,,,,,379611.7,5637.9,,,,,1.169370319,1.169370319,,,,,,1175733.8,8281.3,,,,,,,,,,,,,,,,,,,,,,,,,,,,,,,,,,,,,,,,,,,,,,,,,,,,,,,,,,,,,,,,,,,,,,,,,,,,,,,,,,,,,,,,,,,,,,,,,,,,,,,,,,,,,,,,,,,,,,,,,,223198.1,3314.9,,,,,0.488086018,0.488086018,,,,660992.6,4655.7,,,,,,,,,,,,,72284.3,1073.5,,,,,4.350548664,4.350548664,,,,312949.6,2204.3,,,,,,,,,,,,,81413.6,1209.1,,,,,3.009330688,3.009330688,,,,257491.8,1813.6,,,,,,,,,,,,,,,,,,,,,,,,,,,,,,,,,,,,,,,,,,,,,,,,,124981.0,1856.2,,,,,-0.025710455,-0.025710455,,,,406095.7,2860.3,,,,,,,,,120291.0,1786.5,,,,,0.990818272,0.990818272,,,,442059.7,3113.6,,,,,,,,,,,67.33208,-1974.2,,,,,-19736.3
1991,,,,,410160.2,5811.5,,,,,-0.034325159,-0.034325159,22505.4,32059.0,,,,1175330.2,8278.4,,,213.4,119.0,119.0,119.0,17.6,6.9,40.6,23.0,37.0,21.4,12.4,5.5,46.0,27.9,7.7,5.1,8.5,4.8,0.6,0.5,8.9,5.1,63.5,35.5,7.5,4.5,16.0,12.4,12.4,12.4,4.3,4.9,1.0,0.6,1.0,0.6,1.6,0.9,3.7,2.3,0.3,0.2,0.0,0.0,0.0,0.0,1.5,0.9,2.1,1.3,1.4,1.0,229.5,131.3,131.3,131.3,22.0,11.8,41.6,23.7,38.0,22.1,14.0,6.5,49.7,30.3,8.1,5.3,8.6,4.9,0.6,0.5,10.4,6.1,65.6,36.8,8.9,5.4,,,,,,,,,,,,,,,,,,,,,,,,,,,,,,,,,,,,,,,,,,244607.1,3465.8,,,,,2.869623819,2.869623819,,,,679960.6,4789.3,,,,,,,,,,,,,80641.2,1142.6,,,,,3.154333945,3.154333945,,,,322821.1,2273.8,,,,,,,,,,,,,89219.0,1264.1,,,,,2.682357851,2.682357851,,,,264398.6,1862.3,,,,,,,,,,,,,,,,,,,,,,,,,,,,,,,,,,,,,,,,,,,,,,,,,125715.2,1781.2,,,,,-5.912436795,-5.912436795,,,,382085.6,2691.2,,,,,,,,,130852.2,1854.0,,,,,5.256358592,5.256358592,,,,465296.0,3277.3,,,,,,,,,258.2,258.2,70.57787,829.9,,,,,-8639.8
1992,,,,,409543.6,5737.1,,,,,-3.111126247,-3.111126247,21958.0,30699.0,,,,1138764.2,8020.9,,,215.4,119.5,119.5,119.5,18.1,7.2,41.0,22.1,37.4,20.6,12.4,5.3,46.0,28.4,7.3,4.8,8.5,5.0,0.6,0.3,8.8,5.0,65.3,37.0,7.4,4.3,16.0,12.4,12.4,12.4,4.1,4.8,1.0,0.6,1.0,0.6,1.7,1.0,3.7,2.4,0.3,0.2,0.0,0.0,0.0,0.0,1.5,0.9,2.2,1.4,1.4,1.0,231.4,132.0,132.0,132.0,22.2,12.0,42.0,22.8,38.4,21.2,14.1,6.3,49.7,30.8,7.7,5.0,8.5,5.0,0.6,0.3,10.3,6.0,67.5,38.4,8.8,5.3,,,,,,,,,,,,,,,,,,,,,,,,,,,,,,,,,,,,,,,,,,244727.9,3428.3,,,,,-3.242625786,-3.242625786,,,,657912.1,4634.0,,,,,,,,,,,,,83041.1,1163.3,,,,,-0.635209175,-0.635209175,,,,320770.5,2259.3,,,,,,,,,,,,,81720.4,1144.8,,,,,-10.269968289,-10.269968289,,,,237245.0,1671.0,,,,,,,,,,,,,,,,,,,,,,,,,,,,,,,,,,,,,,,,,,,,,,,,,121639.8,1704.0,,,,,-1.981428827,-1.981428827,,,,374514.8,2637.9,,,,,,,,,122121.1,1710.7,,,,,-5.973400334,-5.973400334,,,,437502.0,3081.5,,,,,,,,,261.3,261.3,71.38549,535.5,,,,,-14176.2
1993,,,,,422553.8,5950.6,,,,,1.687747994,1.687747994,22542.4,30897.8,,,,1157983.7,8156.3,,,215.5,119.5,119.5,119.5,18.0,7.3,41.9,22.4,38.1,20.8,12.3,5.3,45.0,28.1,6.9,4.2,8.2,5.0,0.6,0.3,8.9,5.2,66.3,37.6,7.4,4.2,16.0,12.3,12.3,12.3,3.8,4.3,1.0,0.6,1.0,0.6,1.8,1.1,3.7,2.4,0.3,0.2,0.0,0.0,0.0,0.0,1.5,1.0,2.3,1.5,1.5,1.1,231.5,131.8,131.8,131.8,21.8,11.6,42.9,22.9,39.1,21.4,14.1,6.4,48.6,30.5,7.3,4.5,8.3,5.0,0.7,0.3,10.4,6.2,68.6,39.1,8.9,5.3,,,,,,,,,,,,,,,,,,,,,,,,,,,,,,,,,,,,,,,,,,241677.9,3403.4,,,,,-4.612524622,-4.612524622,,,,627565.7,4420.3,,,,,,,,,,,,,87682.6,1234.8,,,,,2.45174105,2.45174105,,,,328635.0,2314.7,,,,,,,,,,,,,76289.6,1074.4,,,,,-9.376542525,-9.376542525,,,,214999.6,1514.3,,,,,,,,,,,,,,,,,,,,,,,,,,,,,,,,,,,,,,,,,,,,,,,,,135741.7,1911.6,,,,,6.512855018,6.512855018,,,,398906.4,2809.7,,,,,,,,,122805.0,1729.4,,,,,-7.512241787,-7.512241787,,,,404635.8,2850.1,,,,,,,,,264.0,264.0,71.00998,3966.9,,,,,-7487.3
1994,,,,,449024.3,6294.6,,,,,3.830666153,3.830666153,23652.7,31822.2,,,,1202342.2,8468.7,,,216.1,119.1,119.1,119.1,17.7,7.2,42.7,23.1,38.8,21.5,12.3,5.6,44.1,25.5,7.1,4.1,8.0,4.6,0.7,0.4,9.3,5.7,66.5,38.1,7.7,4.7,16.2,12.7,12.7,12.7,3.6,4.3,1.0,0.7,1.0,0.7,1.9,1.1,3.6,2.4,0.4,0.2,0.1,0.0,0.1,0.0,1.5,1.0,2.4,1.6,1.6,1.3,232.3,131.8,131.8,131.8,21.3,11.5,43.7,23.8,39.8,22.1,14.2,6.8,47.8,27.9,7.4,4.3,8.1,4.6,0.8,0.4,10.9,6.8,68.9,39.7,9.4,5.9,,,,,,,,,,,,,,,,,,,,,,,,,,,,,,,,,,,,,,,,,,252238.1,3535.9,,,,,2.785810761,2.785810761,,,,645048.5,4543.4,,,,,,,,,,,,,92833.3,1301.4,,,,,4.045505106,4.045505106,,,,341929.9,2408.4,,,,,,,,,,,,,79077.1,1108.5,,,,,-0.393424049,-0.393424049,,,,214153.7,1508.4,,,,,,,,,,,,,,,,,,,,,,,,,,,,,,,,,,,,,,,,,,,,,,,,,157491.4,2207.8,,,,,9.282687652,9.282687652,,,,435935.7,3070.5,,,,,,,,,135003.6,1892.5,,,,,3.835652597,3.835652597,,,,420156.2,2959.4,,,,,,,,,266.1,266.1,71.33533,2388.0,,,,,-14569.5
1995,15898.2,15898.2,-10539.9,-10539.9,460840.0,6403.7,460840.0,460840.0,38.2,38.2,0.329417532,0.329417532,23943.5,31768.9,1206302.9,1206302.9,52.2,1206302.9,8496.6,0.0,0.0,218.7,122.8,122.8,122.8,17.4,7.3,43.0,22.8,39.1,21.2,12.3,5.7,44.7,27.2,7.7,5.0,7.9,4.7,0.8,0.6,9.8,5.8,66.9,38.9,8.1,5.0,16.6,12.8,12.8,12.8,3.5,4.3,1.1,0.7,1.1,0.7,2.0,1.1,3.6,2.4,0.4,0.2,0.1,0.0,0.1,0.0,1.6,1.0,2.5,1.6,1.7,1.4,235.3,135.7,135.7,135.7,20.9,11.7,44.1,23.4,40.2,21.9,14.4,6.8,48.3,29.6,8.1,5.2,8.0,4.7,0.9,0.6,11.4,6.9,69.4,40.5,9.9,6.3,361108.0,361108.0,36.1,1000539.7,1000539.7,24490.3,24490.3,42650.9,42650.9,33886.4,33886.4,54032.6,54032.6,225285.8,225285.8,583103.8,583103.8,87861.8,87861.8,207071.9,207071.9,103537.6,103537.6,322712.1,322712.1,249776.1,249776.1,616520.8,616520.8,253935.9,253935.9,633405.3,633405.3,54166.4,54166.4,219091.6,219091.6,253935.9,253935.9,633405.3,633405.3,263203.1,3657.4,263203.1,263203.1,39.8,39.8,2.614164077,2.614164077,661911.1,661911.1,57.7,661911.1,4662.2,263203.1,263203.1,661911.1,661911.1,9267.2,9267.2,29691.5,29691.5,43738.5,43738.5,128695.3,128695.3,97904.9,1360.5,97904.9,97904.9,28.2,28.2,1.712915643,1.712915643,347786.9,347786.9,64.2,347786.9,2449.6,444942.0,444940.0,1226060.0,1225990.0,317369.5,317369.5,873288.5,873288.5,83833.7,83833.7,220147.8,220147.8,80781.7,1122.5,80781.7,80781.7,38.3,38.3,-1.453959555,-1.453959555,211040.0,211040.0,47.2,211040.0,1486.5,80781.7,80781.7,211040.0,211040.0,19619.2,19619.2,60346.3,60346.3,27610.9,27610.9,82618.1,82618.1,24227.5,24227.5,52187.6,52187.6,4601.5,4601.5,8471.3,8471.3,3078.5,3078.5,6859.0,6859.0,16547.5,16547.5,37824.8,37824.8,452.3,452.3,1190.1,1190.1,8871.8,8871.8,23446.3,23446.3,80782.0,80783.0,211176.0,211176.0,20604.0,20605.0,60075.0,60075.0,3052.0,3052.0,3052.0,3052.0,161289.5,2241.2,161289.5,161289.5,36.9,36.9,0.147226437,0.147226437,436577.5,436577.5,36.6,436577.5,3075.0,116646.5,116646.5,315323.2,315323.2,44643.0,44643.0,127477.2,127477.2,145391.3,2020.3,145391.3,145391.3,32.5,32.5,6.416941228,6.416941228,447117.4,447117.4,43.8,447117.4,3149.3,105074.1,105074.1,316506.5,316506.5,40317.2,40317.2,130580.9,130580.9,267.4,267.4,71.96463,3052.0,0.0,0.0,-13003.0,-13003.0,-3895.3
1996,2433.2,2433.2,-40494.2,-40494.2,493834.5,6660.8,493834.5,493834.5,39.1,39.1,4.567123547,4.567123547,24756.6,33022.3,1261396.2,1261396.2,54.6,1261396.2,8884.6,0.0,0.0,221.5,122.7,122.7,122.7,16.7,7.3,42.8,22.8,39.1,21.3,12.8,4.4,45.9,27.9,8.1,5.4,7.9,4.3,0.9,0.6,10.3,5.9,67.6,38.9,8.5,5.3,16.9,12.8,12.8,12.8,3.5,4.2,1.1,0.7,1.1,0.7,2.2,1.2,3.6,2.3,0.4,0.3,0.1,0.0,0.1,0.0,1.6,1.0,2.5,1.6,1.8,1.4,238.3,135.5,135.5,135.5,20.2,11.5,43.9,23.4,40.2,21.9,14.9,5.6,49.5,30.2,8.6,5.7,8.0,4.3,1.0,0.6,11.9,6.9,70.1,40.5,10.3,6.7,388888.6,388888.6,37.4,1039841.8,1039841.8,28585.3,28585.3,46613.0,46613.0,36173.0,36173.0,56636.7,56636.7,240426.7,240426.7,609482.0,609482.0,94194.2,94194.2,217236.7,217236.7,110059.6,110059.6,335944.1,335944.1,269012.1,269012.1,647291.6,647291.6,274811.5,274811.5,666921.1,666921.1,59331.0,59331.0,221200.9,221200.9,274811.5,274811.5,666921.1,666921.1,284402.7,3836.0,284402.7,284402.7,40.9,40.9,5.031118905,5.031118905,695212.7,695212.7,60.6,695212.7,4896.7,284402.7,284402.7,695212.7,695212.7,9591.2,9591.2,29068.0,29068.0,45154.9,45154.9,129934.3,129934.3,104485.9,1409.3,104485.9,104485.9,29.8,29.8,0.962752213,0.962752213,351135.2,351135.2,64.9,351135.2,2473.2,491402.0,491402.0,1306588.0,1306514.0,343733.7,343733.7,911160.9,911160.9,102512.7,102512.7,259641.3,259641.3,102487.4,1382.3,102487.4,102487.4,39.7,39.7,22.315051139,22.315051139,258133.7,258133.7,57.8,258133.7,1818.2,102487.4,102487.4,258133.7,258133.7,22060.0,22060.0,64924.1,64924.1,32432.2,32432.2,92920.0,92920.0,37441.0,37441.0,78421.8,78421.8,11656.0,11656.0,20654.1,20654.1,3538.1,3538.1,7723.6,7723.6,22247.0,22247.0,49650.4,49650.4,633.1,633.1,1676.7,1676.7,9921.0,9921.0,25379.3,25379.3,102487.0,102487.0,258300.0,258300.0,20671.0,20670.0,57754.0,57754.0,25.3,25.3,25.3,25.3,176787.5,2384.5,176787.5,176787.5,37.5,37.5,8.090365724,8.090365724,471898.2,471898.2,39.5,471898.2,3323.8,125641.4,125641.4,339607.5,339607.5,51146.1,51146.1,139086.1,139086.1,174354.3,2351.7,174354.3,174354.3,34.0,34.0,14.599088433,14.599088433,512392.4,512392.4,50.2,512392.4,3609.0,126792.6,126792.6,366706.2,366706.2,47561.7,47561.7,145351.6,145351.6,269.1,269.0,74.14089,25.3,0.0,0.0,-4098.7,-4098.7,-2591.1
1997,2483.9,2483.9,-53163.0,-53163.0,536722.4,7286.0,536722.4,536722.4,40.2,40.2,5.771612435,5.771612435,26863.5,34648.1,1334199.1,1334199.1,57.7,1334199.1,9397.4,0.0,0.0,224.0,125.9,125.9,125.9,15.8,7.0,42.3,23.1,38.8,21.5,13.5,7.0,46.9,28.6,8.4,5.1,8.3,4.1,0.9,0.6,10.9,6.3,68.3,38.6,8.6,5.5,16.9,12.8,12.8,12.8,3.4,4.0,1.1,0.8,1.1,0.7,2.3,1.2,3.6,2.3,0.5,0.3,0.1,0.0,0.1,0.1,1.6,1.0,2.5,1.6,1.8,1.5,240.9,138.7,138.7,138.7,19.3,11.1,43.5,23.8,39.9,22.3,15.7,8.2,50.5,30.9,8.9,5.4,8.3,4.2,1.0,0.7,12.5,7.3,70.8,40.3,10.4,6.9,417370.0,417370.0,38.1,1094701.0,1094701.0,31187.0,31187.0,52718.3,52718.3,38112.4,38112.4,60045.2,60045.2,256418.5,256418.5,639767.3,639767.3,100544.0,100544.0,227805.8,227805.8,117762.0,117762.0,351777.0,351777.0,287605.4,287605.4,685046.8,685046.8,295480.7,295480.7,709595.6,709595.6,64745.0,64745.0,226774.0,226774.0,295480.7,295480.7,709595.6,709595.6,305783.9,4151.0,305783.9,305783.9,41.4,41.4,6.288341517,6.288341517,738930.0,738930.0,64.4,738930.0,5204.7,305783.9,305783.9,738930.0,738930.0,10303.2,10303.2,29976.5,29976.5,46841.1,46841.1,133208.0,133208.0,111586.1,1514.8,111586.1,111586.1,31.0,31.0,2.519469467,2.519469467,359982.0,359982.0,66.5,359982.0,2535.5,534239.0,534239.0,1391772.0,1391692.0,370528.9,370528.9,962530.4,962530.4,116868.4,116868.4,288820.0,288820.0,116766.4,1585.1,116766.4,116766.4,40.7,40.7,11.223009365,11.223009365,287104.1,287104.1,64.3,287104.1,2022.2,116766.4,116766.4,287104.1,287104.1,20702.3,20702.3,58611.2,58611.2,44164.8,44164.8,121968.4,121968.4,41704.4,41704.4,87093.3,87093.3,13148.1,13148.1,23532.5,23532.5,2739.2,2739.2,5955.1,5955.1,25817.1,25817.1,57072.7,57072.7,498.7,498.7,1274.5,1274.5,9696.3,9696.3,24151.8,24151.8,116767.0,116766.0,287289.0,287289.0,22672.0,22671.0,61073.0,61073.0,102.0,102.0,102.0,102.0,190720.5,2589.0,190720.5,190720.5,38.6,38.6,4.785880987,4.785880987,494482.7,494482.7,41.4,494482.7,3482.9,131279.9,131279.9,344929.3,344929.3,59440.5,59440.5,156740.3,156740.3,188236.6,2555.3,188236.6,188236.6,34.4,34.4,6.880123628,6.880123628,547645.6,547645.6,53.7,547645.6,3857.3,133518.1,133518.1,385854.0,385854.0,54718.5,54718.5,161778.6,161778.6,271.2,271.2,73.66445,102.0,0.0,0.0,-369.8,-369.8,1346.1
1998,-26229.1,-26229.1,-166306.9,-166306.9,603407.6,7870.9,603407.6,603407.6,42.1,42.1,7.362800957,7.362800957,28702.5,36792.2,1432433.6,1432433.6,62.0,1432433.6,10089.3,0.0,0.0,228.3,128.4,128.4,128.4,15.5,7.1,41.7,22.9,38.1,21.3,13.9,5.6,48.5,29.5,9.2,5.4,9.3,5.7,0.8,0.6,11.8,6.8,69.2,39.5,8.5,5.3,16.9,12.4,12.4,12.4,3.5,3.9,1.1,0.7,1.1,0.7,2.3,1.2,3.5,2.3,0.5,0.3,0.1,0.0,0.1,0.0,1.6,1.0,2.4,1.5,1.8,1.5,245.2,140.8,140.8,140.8,18.9,10.9,42.9,23.6,39.2,22.0,16.2,6.8,52.0,31.8,9.7,5.7,9.3,5.7,0.9,0.6,13.5,7.8,71.6,41.0,10.3,6.8,473573.9,473573.9,39.3,1203648.2,1203648.2,37599.8,37599.8,65129.2,65129.2,41941.0,41941.0,68883.5,68883.5,284273.9,284273.9,699080.8,699080.8,109164.4,109164.4,241265.6,241265.6,133168.5,133168.5,388287.4,388287.4,321873.8,321873.8,759159.3,759159.3,334619.6,334619.6,795238.1,795238.1,78627.0,78627.0,237974.1,237974.1,334619.6,334619.6,795238.1,795238.1,345288.0,4504.0,345288.0,345288.0,41.8,41.8,11.781687764,11.781687764,825988.4,825988.4,71.9,825988.4,5817.8,345288.0,345288.0,825988.4,825988.4,10668.4,10668.4,31036.5,31036.5,49658.9,49658.9,139787.0,139787.0,128285.9,1673.4,128285.9,128285.9,34.0,34.0,4.938902563,4.938902563,377761.1,377761.1,69.8,377761.1,2660.8,629636.0,629637.0,1595267.0,1595176.0,423915.0,423915.0,1064423.8,1064423.8,156062.8,156062.8,379207.4,379207.4,155156.8,2023.9,155156.8,155156.8,41.4,41.4,30.568186277,30.568186277,374866.6,374866.6,83.9,374866.6,2640.4,155156.8,155156.8,374866.6,374866.6,21598.1,21598.1,59184.0,59184.0,62187.0,62187.0,166955.9,166955.9,57825.1,57825.1,121056.8,121056.8,23236.5,23236.5,41947.8,41947.8,4085.7,4085.7,8975.7,8975.7,30502.9,30502.9,67208.6,67208.6,1041.5,1041.5,2539.4,2539.4,12505.1,12505.1,30236.5,30236.5,155157.0,155157.0,375108.0,375108.0,29505.0,29507.0,77071.0,77071.0,906.0,906.0,906.0,906.0,203759.5,2657.9,203759.5,203759.5,40.6,40.6,1.423525901,1.423525901,501521.8,501521.8,42.0,501521.8,3532.5,135925.5,135925.5,334045.9,334045.9,67834.1,67834.1,174822.2,174822.2,229988.6,3000.0,229988.6,229988.6,34.4,34.4,21.945404062,21.945404062,667828.7,667828.7,65.4,667828.7,4703.8,163816.3,163816.3,476838.0,476838.0,66172.4,66172.4,190829.3,190829.3,274.2,274.2,76.66276,906.0,0.0,0.0,15783.5,15783.5,20124.3
1999,-29342.1,-29342.1,-173067.0,-173067.0,649719.1,8198.7,649719.1,649719.1,43.6,43.6,4.034923534,4.034923534,29536.9,37814.8,1490231.2,1490231.2,64.5,1490231.2,10496.4,0.0,0.0,234.6,132.0,132.0,132.0,15.5,7.0,41.4,22.4,37.5,20.7,14.1,6.0,50.5,31.8,10.5,6.0,10.5,6.0,0.8,0.6,13.0,7.2,69.9,39.8,8.4,5.2,16.8,12.3,12.3,12.3,3.5,3.9,1.1,0.6,1.1,0.6,2.3,1.2,3.4,2.3,0.5,0.3,0.1,0.0,0.1,0.0,1.7,1.1,2.4,1.4,1.7,1.4,251.4,144.3,144.3,144.3,19.0,10.8,42.5,23.1,38.5,21.3,16.5,7.2,53.9,34.0,11.1,6.4,10.5,6.1,0.8,0.6,14.8,8.3,72.3,41.2,10.1,6.7,525921.6,525921.6,41.0,1284024.8,1284024.8,44118.9,44118.9,76702.7,76702.7,45278.7,45278.7,74383.8,74383.8,312686.4,312686.4,740571.3,740571.3,116312.8,116312.8,251042.4,251042.4,151094.9,151094.9,414818.1,414818.1,356805.4,356805.4,814710.8,814710.8,371207.5,371207.5,853747.3,853747.3,88286.0,88286.0,250010.2,250010.2,371207.5,371207.5,853747.3,853747.3,382394.6,4825.4,382394.6,382394.6,43.2,43.2,7.27964614,7.27964614,886117.5,886117.5,77.2,886117.5,6241.4,382394.6,382394.6,886117.5,886117.5,11187.2,11187.2,32538.5,32538.5,55241.0,55241.0,146857.0,146857.0,143527.0,1811.1,143527.0,143527.0,36.2,36.2,5.057707486,5.057707486,396867.2,396867.2,73.3,396867.2,2795.3,679062.0,679061.0,1660305.0,1660305.0,470680.6,470680.6,1137523.4,1137523.4,153139.6,153139.6,364831.6,364831.6,153019.6,1930.9,153019.6,153019.6,42.2,42.2,-3.334145957,-3.334145957,362368.0,362368.0,81.1,362368.0,2552.3,153019.6,153019.6,362368.0,362368.0,22252.1,22252.1,59575.4,59575.4,63667.0,63667.0,167372.5,167372.5,52227.1,52227.1,107742.6,107742.6,12426.4,12426.4,22201.7,22201.7,5478.9,5478.9,11916.1,11916.1,34321.8,34321.8,74347.1,74347.1,1202.3,1202.3,2863.3,2863.3,13671.1,13671.1,32064.0,32064.0,153019.0,153020.0,362368.0,362368.0,31443.0,31443.0,80126.0,80126.0,120.0,120.0,120.0,120.0,210879.1,2661.0,210879.1,210879.1,40.8,40.8,3.116089882,3.116089882,517149.6,517149.6,43.3,517149.6,3642.5,140986.1,140986.1,349734.9,349734.9,69893.0,69893.0,174732.9,174732.9,240221.2,3031.3,240221.2,240221.2,34.8,34.8,3.352342685,3.352342685,690216.6,690216.6,67.6,690216.6,4861.5,168591.0,168591.0,489229.2,489229.2,71630.2,71630.2,200787.3,200787.3,277.6,277.6,79.2466,120.0,0.0,0.0,15481.9,15481.9,17945.5
2000,-48812.1,-48812.1,-206947.2,-206947.2,709561.3,8374.0,709561.3,709561.3,45.4,45.4,4.985042762,4.985042762,29734.7,39129.0,1564519.8,1564519.8,67.7,1564519.8,11019.7,0.0,0.0,240.0,136.2,136.2,136.2,15.0,6.4,41.3,22.5,37.1,20.7,14.7,7.0,51.6,33.0,11.7,6.8,11.3,6.5,0.8,0.6,14.3,8.2,70.9,39.9,8.3,5.2,16.6,12.2,12.2,12.2,3.6,3.8,1.0,0.6,1.0,0.6,2.3,1.2,3.2,2.1,0.6,0.4,0.1,0.0,0.1,0.0,1.8,1.1,2.4,1.5,1.7,1.4,256.5,148.4,148.4,148.4,18.6,10.3,42.3,23.1,38.1,21.3,17.0,8.2,54.8,35.1,12.3,7.3,11.3,6.5,0.9,0.6,16.1,9.3,73.2,41.4,10.0,6.6,581466.9,581466.9,43.4,1340071.5,1340071.5,42527.8,42527.8,74492.3,74492.3,48763.2,48763.2,79031.7,79031.7,348583.8,348583.8,772520.8,772520.8,123998.0,123998.0,256917.5,256917.5,175822.5,175822.5,436612.6,436612.6,391111.6,391111.6,842609.9,842609.9,408556.2,408556.2,887257.9,887257.9,98207.4,98207.4,263694.1,263694.1,408556.2,408556.2,887257.9,887257.9,420275.4,4960.0,420275.4,420275.4,45.6,45.6,3.948887795,3.948887795,921109.3,921109.3,80.2,921109.3,6487.8,420275.4,420275.4,921109.3,921109.3,11719.2,11719.2,34080.0,34080.0,62984.1,62984.1,154895.0,154895.0,161191.5,1902.3,161191.5,161191.5,38.5,38.5,5.47336692,5.47336692,418589.2,418589.2,77.3,418589.2,2948.3,758373.0,758373.0,1765410.0,1765409.0,518482.8,518482.8,1185695.7,1185695.7,176906.5,176906.5,412553.2,412553.2,174234.5,2056.3,174234.5,174234.5,43.0,43.0,11.923925848,11.923925848,405576.5,405576.5,90.8,405576.5,2856.7,174234.5,174234.5,405576.5,405576.5,25925.7,25925.7,67198.3,67198.3,65719.4,65719.4,168062.1,168062.1,66279.3,66279.3,136872.4,136872.4,25046.9,25046.9,45038.0,45038.0,5997.5,5997.5,13099.5,13099.5,35234.9,35234.9,76068.7,76068.7,827.4,827.4,1912.7,1912.7,15482.7,15482.7,35383.2,35383.2,174235.0,174233.0,405576.0,405576.0,36136.0,36138.0,89577.0,89577.0,2672.0,2672.0,2672.0,2672.0,227981.4,2690.6,227981.4,227981.4,42.4,42.4,3.861684868,3.861684868,537120.3,537120.3,45.0,537120.3,3783.2,143590.1,143590.1,341120.9,341120.9,84391.3,84391.3,203773.0,203773.0,276793.5,3266.6,276793.5,276793.5,37.2,37.2,7.802035547,7.802035547,744067.5,744067.5,72.9,744067.5,5240.8,189806.6,189806.6,507066.4,507066.4,86986.9,86986.9,236093.4,236093.4,281.6,281.6,84.73355,2672.0,0.0,0.0,19215.4,19215.4,26192.1
2001,-6843.7,-6843.7,-96487.3,-96487.3,802276.7,9083.6,802276.7,802276.7,49.3,49.3,4.013497571,4.013497571,31836.1,40171.6,1627311.8,1627311.8,70.4,1627311.8,11462.0,0.0,0.0,241.1,138.2,138.2,138.2,13.7,6.1,40.7,22.1,36.4,20.1,15.2,7.4,50.9,32.9,12.0,7.0,11.3,6.2,1.0,0.7,15.3,8.8,72.6,41.8,8.4,5.1,16.0,11.8,11.8,11.8,3.4,3.5,0.9,0.6,0.9,0.6,2.3,1.3,2.9,1.9,0.6,0.4,0.1,0.0,0.1,0.0,1.8,1.1,2.4,1.5,1.7,1.4,257.2,150.0,150.0,150.0,17.2,9.7,41.7,22.7,37.3,20.7,17.5,8.6,53.8,34.9,12.6,7.4,11.4,6.3,1.0,0.7,17.1,9.9,75.0,43.4,10.0,6.5,625394.4,625394.4,46.9,1332944.6,1332944.6,33753.9,33753.9,54829.3,54829.3,51116.1,51116.1,79261.4,79261.4,381144.1,381144.1,792082.9,792082.9,135649.4,135649.4,262997.4,262997.4,194378.6,194378.6,450893.6,450893.6,414898.0,414898.0,837442.1,837442.1,427472.9,427472.9,860773.4,860773.4,113852.1,113852.1,277812.6,277812.6,427472.9,427472.9,860773.4,860773.4,441255.0,4996.0,441255.0,441255.0,49.3,49.3,-2.789314288,-2.789314288,895416.6,895416.6,78.0,895416.6,6306.9,441255.0,441255.0,895416.6,895416.6,13782.1,13782.1,35454.2,35454.2,70287.4,70287.4,163188.3,163188.3,184139.4,2084.9,184139.4,184139.4,41.8,41.8,5.354114517,5.354114517,441000.9,441000.9,81.5,441000.9,3106.2,809120.0,809120.0,1731625.0,1731624.0,555107.0,555107.0,1170911.9,1170911.9,183725.9,183725.9,385919.0,385919.0,185894.4,2104.8,185894.4,185894.4,47.7,47.7,-3.862931736,-3.862931736,389909.3,389909.3,87.3,389909.3,2746.3,185894.4,185894.4,389909.3,389909.3,31770.0,31770.0,75490.8,75490.8,70117.5,70117.5,167110.0,167110.0,64766.2,64766.2,114978.6,114978.6,21296.9,21296.9,32666.0,32666.0,5884.9,5884.9,10887.3,10887.3,37584.4,37584.4,70221.0,70221.0,1335.5,1335.5,3009.1,3009.1,17905.3,17905.3,36685.6,36685.6,185895.0,185895.0,389909.0,389909.0,41181.0,41180.0,94078.0,94078.0,-2168.5,-2168.5,-2168.5,-2168.5,296367.5,3355.6,296367.5,296367.5,51.7,51.7,6.746010692,6.746010692,573354.5,573354.5,48.0,573354.5,4038.4,184270.9,184270.9,356300.7,356300.7,112096.6,112096.6,225480.3,225480.3,303211.2,3433.1,303211.2,303211.2,45.3,45.3,-9.975671394,-9.975671394,669841.8,669841.8,65.6,669841.8,4718.0,202816.9,202816.9,450089.5,450089.5,100394.3,100394.3,219037.2,219037.2,285.3,285.3,88.32098,-2168.5,0.0,0.0,1462.6,1462.6,-2527.8
2002,13652.5,13652.5,-57803.2,-57803.2,854139.9,9375.3,854139.9,854139.9,52.2,52.2,0.559519074,0.559519074,32584.2,40059.4,1636416.9,1636416.9,70.8,1636416.9,11526.1,0.0,0.0,238.4,136.9,136.9,136.9,12.3,6.0,39.6,21.5,35.2,19.4,15.3,7.1,49.5,31.3,11.4,6.6,10.8,6.1,1.1,0.8,15.9,9.0,74.2,43.1,8.4,5.3,15.3,11.1,11.1,11.1,3.2,3.1,0.8,0.5,0.8,0.5,2.2,1.3,2.6,1.8,0.6,0.4,0.1,0.0,0.1,0.1,1.8,1.1,2.4,1.5,1.6,1.4,253.7,148.0,148.0,148.0,15.5,9.2,40.4,22.0,36.1,19.9,17.5,8.4,52.1,33.0,11.9,7.0,10.9,6.2,1.2,0.9,17.7,10.1,76.6,44.6,10.0,6.7,671279.0,671279.0,49.9,1346556.1,1346556.1,34535.7,34535.7,53737.3,53737.3,49834.1,49834.1,75693.7,75693.7,400689.9,400689.9,787395.7,787395.7,143102.0,143102.0,265201.3,265201.3,207753.8,207753.8,448362.0,448362.0,435225.7,435225.7,831532.8,831532.8,445697.2,445697.2,853246.6,853246.6,133575.1,133575.1,292272.7,292272.7,445697.2,445697.2,853246.6,853246.6,461858.0,5069.5,461858.0,461858.0,52.0,52.0,-0.724789108,-0.724789108,888926.7,888926.7,77.4,888926.7,6261.2,461858.0,461858.0,888926.7,888926.7,16160.8,16160.8,36842.7,36842.7,75845.9,75845.9,171682.2,171682.2,209421.0,2298.7,209421.0,209421.0,45.1,45.1,5.204988397,5.204988397,463955.0,463955.0,85.7,463955.0,3267.9,840488.0,840488.0,1700951.0,1700952.0,595433.1,595433.1,1176665.8,1176665.8,169208.5,169208.5,342400.0,342400.0,169189.3,1857.1,169189.3,169189.3,49.5,49.5,-12.383622321,-12.383622321,341624.4,341624.4,76.5,341624.4,2406.2,169189.3,169189.3,341624.4,341624.4,39421.5,39421.5,84880.9,84880.9,62023.7,62023.7,139272.6,139272.6,51347.7,51347.7,93421.0,93421.0,18941.0,18941.0,30069.2,30069.2,4600.5,4600.5,8871.6,8871.6,27806.2,27806.2,52732.0,52732.0,1131.7,1131.7,2476.2,2476.2,15264.8,15264.8,30718.7,30718.7,169190.0,169190.0,341624.0,341624.0,35604.0,35604.0,77490.0,77490.0,19.2,19.2,19.2,19.2,303349.5,3329.7,303349.5,303349.5,51.1,51.1,3.556897508,3.556897508,593748.2,593748.2,49.7,593748.2,4182.1,192977.6,192977.6,382734.3,382734.3,110371.9,110371.9,219185.5,219185.5,289697.0,3179.8,289697.0,289697.0,44.5,44.5,-2.730556646,-2.730556646,651551.4,651551.4,63.8,651551.4,4589.2,191482.2,191482.2,437133.5,437133.5,98214.9,98214.9,213711.0,213711.0,287.7,287.7,91.10541,19.2,0.0,0.0,-1061.6,-1061.6,-286.0
2003,-25906.8,-25906.8,-120214.5,-120214.5,876732.7,9467.1,876732.7,876732.7,52.5,52.5,2.142688389,2.142688389,32690.3,40652.9,1671480.2,1671480.2,72.3,1671480.2,11773.1,0.0,0.0,236.2,138.3,138.3,138.3,11.4,5.8,38.5,21.2,34.1,19.1,15.5,7.4,49.1,30.8,10.7,6.6,10.4,5.5,1.2,0.8,16.4,9.4,74.4,45.2,8.6,5.5,14.6,10.8,10.8,10.8,2.9,3.0,0.8,0.5,0.8,0.5,2.1,1.2,2.4,1.7,0.5,0.4,0.1,0.0,0.1,0.1,1.8,1.2,2.4,1.5,1.6,1.4,250.9,149.1,149.1,149.1,14.4,8.8,39.3,21.7,34.9,19.6,17.6,8.6,51.5,32.5,11.2,7.0,10.4,5.5,1.3,0.8,18.2,10.6,76.7,46.7,10.3,6.9,715965.9,715965.9,50.8,1409737.6,1409737.6,42764.9,42764.9,70861.3,70861.3,51421.3,51421.3,79650.3,79650.3,419084.9,419084.9,807088.3,807088.3,141310.4,141310.4,263320.5,263320.5,226353.2,226353.2,466557.5,466557.5,461849.7,461849.7,871705.3,871705.3,477140.5,477140.5,905108.1,905108.1,144292.5,144292.5,297951.9,297951.9,477140.5,477140.5,905108.1,905108.1,494549.3,5340.2,494549.3,494549.3,52.5,52.5,5.938558346,5.938558346,941716.2,941716.2,82.0,941716.2,6633.0,494549.3,494549.3,941716.2,941716.2,17408.8,17408.8,37612.3,37612.3,77124.1,77124.1,175018.2,175018.2,221416.7,2390.9,221416.7,221416.7,46.8,46.8,1.943103106,1.943103106,472970.1,472970.1,87.4,472970.1,3331.4,902640.0,902639.0,1793558.0,1793557.0,638841.8,638841.8,1235996.2,1235996.2,186673.6,186673.6,371260.0,371260.0,187905.0,2029.0,187905.0,187905.0,50.3,50.3,9.252315384,9.252315384,373232.6,373232.6,83.5,373232.6,2628.9,187905.0,187905.0,373232.6,373232.6,42557.2,42557.2,88058.6,88058.6,76732.9,76732.9,168270.7,168270.7,50581.6,50581.6,93133.6,93133.6,12553.7,12553.7,20307.8,20307.8,5129.0,5129.0,10096.5,10096.5,32899.0,32899.0,62888.6,62888.6,1363.4,1363.4,2996.7,2996.7,16669.9,16669.9,33101.7,33101.7,187905.0,187905.0,373233.0,373233.0,34635.0,34635.0,73628.0,73628.0,-1231.4,-1231.4,-1231.4,-1231.4,286009.0,3088.4,286009.0,286009.0,47.8,47.8,0.742435224,0.742435224,598156.4,598156.4,50.1,598156.4,4213.1,172319.5,172319.5,377961.4,377961.4,113689.5,113689.5,228437.2,228437.2,311915.8,3368.1,311915.8,311915.8,43.4,43.4,10.25543435,10.25543435,718370.8,718370.8,70.4,718370.8,5059.8,200435.4,200435.4,470440.4,470440.4,111480.4,111480.4,246611.3,246611.3,289.6,289.6,92.6082,-1231.4,0.0,0.0,5748.5,5748.5,3775.8
2004,-54459.5,-54459.5,-176422.0,-176422.0,970421.5,10402.6,970421.5,970421.5,53.9,53.9,7.802399469,7.802399469,35549.1,43371.7,1801895.8,1801895.8,78.0,1801895.8,12691.6,0.0,0.0,239.2,139.6,139.6,139.6,11.4,5.6,38.0,21.5,33.5,19.2,17.1,8.3,50.9,31.3,10.5,6.6,10.4,5.8,1.4,0.8,16.9,9.6,73.6,44.3,9.0,5.8,14.0,10.4,10.4,10.4,2.7,2.7,0.7,0.5,0.7,0.5,1.9,1.1,2.2,1.6,0.5,0.3,0.1,0.1,0.1,0.1,1.7,1.2,2.3,1.5,1.7,1.4,253.2,150.1,150.1,150.1,14.1,8.3,38.7,21.9,34.1,19.7,19.0,9.6,53.2,32.9,10.9,7.0,10.5,5.8,1.5,0.9,18.7,10.8,75.9,45.7,10.7,7.2,783781.4,783781.4,52.6,1489665.9,1489665.9,53746.8,53746.8,87883.3,87883.3,55087.5,55087.5,85406.1,85406.1,454117.9,454117.9,842063.7,842063.7,150307.5,150307.5,273481.8,273481.8,248723.0,248723.0,485092.3,485092.3,507864.7,507864.7,925372.1,925372.1,529393.4,529393.4,971439.0,971439.0,153133.8,153133.8,305002.6,305002.6,529393.4,529393.4,971439.0,971439.0,548003.2,5874.4,548003.2,548003.2,54.3,54.3,7.148681301,7.148681301,1009036.5,1009036.5,87.9,1009036.5,7107.1,548003.2,548003.2,1009036.5,1009036.5,18609.8,18609.8,38447.4,38447.4,82644.3,82644.3,179159.8,179159.8,235778.1,2527.5,235778.1,235778.1,48.7,48.7,2.366391677,2.366391677,484162.4,484162.4,89.4,484162.4,3410.2,1024882.0,1024881.0,1973710.0,1973711.0,701137.1,701137.1,1311002.9,1311002.9,241099.6,241099.6,470843.6,470843.6,241479.5,2588.6,241479.5,241479.5,51.2,51.2,26.344649509,26.344649509,471559.4,471559.4,105.6,471559.4,3321.4,241479.5,241479.5,471559.4,471559.4,50726.4,50726.4,100569.8,100569.8,110153.4,110153.4,234407.4,234407.4,63092.1,63092.1,119148.6,119148.6,19971.8,19971.8,33226.9,33226.9,7097.6,7097.6,14578.1,14578.1,36022.7,36022.7,70279.1,70279.1,1077.4,1077.4,2271.0,2271.0,16430.2,16430.2,32106.4,32106.4,241480.0,241479.0,471559.0,471559.0,44770.0,44770.0,92152.0,92152.0,-379.8,-379.8,-379.8,-379.8,314513.4,3371.5,314513.4,314513.4,48.6,48.6,8.163969232,8.163969232,646989.7,646989.7,54.2,646989.7,4557.1,191909.5,191909.5,414764.8,414764.8,122603.9,122603.9,241639.0,241639.0,368972.9,3955.3,368972.9,368972.9,44.8,44.8,14.622085915,14.622085915,823411.6,823411.6,80.7,823411.6,5799.7,245300.8,245300.8,553725.3,553725.3,123672.1,123672.1,269007.8,269007.8,292.6,292.6,93.28674,-379.8,0.0,0.0,14275.3,14275.3,13559.5
2005,-124546.3,-124546.3,-359507.0,-359507.0,1061428.3,11074.9,1061428.3,1061428.3,55.5,55.5,6.124439011,6.124439011,37286.2,45346.2,1912251.8,1912251.8,82.8,1912251.8,13468.9,0.0,0.0,247.5,151.3,151.3,151.3,11.5,6.0,37.6,22.1,32.9,19.7,20.1,11.7,54.1,36.0,10.7,6.6,10.9,6.2,1.6,1.1,17.5,10.6,73.9,44.9,9.5,6.2,13.5,10.4,10.4,10.4,2.7,2.8,0.6,0.4,0.6,0.4,1.8,1.1,2.1,1.5,0.5,0.3,0.1,0.1,0.1,0.1,1.7,1.1,2.2,1.4,1.7,1.5,261.0,161.7,161.7,161.7,14.2,8.8,38.2,22.5,33.5,20.1,21.9,12.9,56.2,37.5,11.2,7.0,10.9,6.3,1.7,1.2,19.2,11.7,76.2,46.4,11.2,7.7,879531.9,879531.9,53.9,1633203.5,1633203.5,75004.5,75004.5,125872.1,125872.1,60029.0,60029.0,95445.7,95445.7,493055.6,493055.6,889008.9,889008.9,156921.2,156921.2,286504.7,286504.7,276105.4,276105.4,507880.2,507880.2,568060.1,568060.1,1013834.3,1013834.3,599505.6,599505.6,1087580.0,1087580.0,164804.7,164804.7,320009.6,320009.6,599505.6,599505.6,1087580.0,1087580.0,619951.2,6468.6,619951.2,619951.2,55.0,55.0,11.66430364,11.66430364,1126733.5,1126733.5,98.1,1126733.5,7936.1,619951.2,619951.2,1126733.5,1126733.5,20445.5,20445.5,39746.5,39746.5,94776.1,94776.1,187974.9,187974.9,259580.8,2708.5,259580.8,259580.8,51.1,51.1,4.920274275,4.920274275,507984.5,507984.5,93.8,507984.5,3578.0,1185975.0,1185974.0,2242789.0,2242789.0,784755.8,784755.8,1444611.9,1444611.9,306442.6,306442.6,596222.9,596222.9,314269.4,3279.1,314269.4,314269.4,51.2,51.2,30.242973294,30.242973294,614173.0,614173.0,137.5,614173.0,4325.9,314269.4,314269.4,614173.0,614173.0,58581.6,58581.6,112535.3,112535.3,151314.8,151314.8,313540.1,313540.1,85402.9,85402.9,173081.8,173081.8,14445.6,14445.6,25833.8,25833.8,8117.4,8117.4,18241.2,18241.2,62839.9,62839.9,131186.8,131186.8,1248.0,1248.0,2498.0,2498.0,17722.1,17722.1,34338.7,34338.7,314269.0,314268.0,614173.0,614173.0,40122.0,40123.0,80395.0,80395.0,-7826.7,-7826.7,-7826.7,-7826.7,322232.5,3362.2,322232.5,322232.5,46.5,46.5,7.117023084,7.117023084,693036.1,693036.1,58.1,693036.1,4881.4,182085.3,182085.3,408072.9,408072.9,140147.2,140147.2,291857.9,291857.9,446778.8,4661.7,446778.8,446778.8,42.4,42.4,27.827080825,27.827080825,1052543.0,1052543.0,103.1,1052543.0,7413.6,294576.5,294576.5,690514.6,690514.6,152202.4,152202.4,360531.6,360531.6,297.0,297.0,95.84066,-7826.7,0.0,0.0,40817.8,40817.8,22867.7
2006,-205001.4,-205001.4,-495507.3,-495507.3,1225716.1,12060.2,1225716.1,1225716.1,60.3,60.3,6.316993053,6.316993053,39548.3,46957.8,2033048.6,2033048.6,88.0,2033048.6,14319.8,0.0,0.0,257.3,160.0,160.0,160.0,11.5,5.9,37.2,22.3,32.5,20.0,23.5,15.2,56.9,38.2,11.1,7.0,11.7,6.6,1.7,1.2,18.2,11.2,75.8,46.3,9.7,6.3,13.2,10.3,10.3,10.3,2.7,2.8,0.5,0.4,0.5,0.4,1.8,1.3,2.0,1.5,0.5,0.3,0.1,0.1,0.1,0.1,1.6,1.1,2.2,1.5,1.7,1.5,270.5,170.3,170.3,170.3,14.2,8.6,37.7,22.7,33.0,20.4,25.3,16.4,58.8,39.6,11.6,7.3,11.8,6.6,1.8,1.2,19.9,12.3,78.0,47.8,11.4,7.8,988574.5,988574.5,58.1,1702267.8,1702267.8,78046.9,78046.9,128326.5,128326.5,66711.8,66711.8,105149.3,105149.3,550723.5,550723.5,928484.9,928484.9,173303.7,173303.7,295202.3,295202.3,310708.1,310708.1,528164.1,528164.1,628770.3,628770.3,1055519.2,1055519.2,667078.8,667078.8,1129342.1,1129342.1,186851.3,186851.3,336439.8,336439.8,667078.8,667078.8,1129342.1,1129342.1,690644.8,6795.5,690644.8,690644.8,59.0,59.0,3.849606785,3.849606785,1170108.3,1170108.3,101.9,1170108.3,8241.7,690644.8,690644.8,1170108.3,1170108.3,23566.1,23566.1,41389.6,41389.6,111078.4,111078.4,197626.1,197626.1,297929.7,2931.4,297929.7,297929.7,55.8,55.8,5.134285314,5.134285314,534065.9,534065.9,98.7,534065.9,3761.7,1430718.0,1430718.0,2481257.0,2481257.0,877496.2,877496.2,1504121.2,1504121.2,442142.9,442142.9,769203.2,769203.2,434019.1,4270.5,434019.1,434019.1,57.1,57.1,23.815953315,23.815953315,760444.2,760444.2,170.2,760444.2,5356.2,434019.1,434019.1,760444.2,760444.2,74754.0,74754.0,131288.1,131288.1,201061.2,201061.2,379526.5,379526.5,129322.8,129322.8,225759.7,225759.7,48675.1,48675.1,74376.9,74376.9,7355.9,7355.9,14288.0,14288.0,73291.8,73291.8,132455.5,132455.5,1247.9,1247.9,2303.8,2303.8,27633.1,27633.1,48567.8,48567.8,434019.0,434019.0,760445.0,760445.0,51813.0,51814.0,94747.0,94747.0,8123.8,8123.8,8123.8,8123.8,372685.9,3667.0,372685.9,372685.9,56.4,56.4,-4.709789977,-4.709789977,660395.5,660395.5,55.3,660395.5,4651.5,217852.6,217852.6,385961.3,385961.3,154833.3,154833.3,280799.6,280799.6,577687.2,5684.1,577687.2,577687.2,50.0,50.0,9.820007714,9.820007714,1155902.9,1155902.9,113.3,1155902.9,8141.6,406983.3,406983.3,802941.6,802941.6,170703.9,170703.9,350847.8,350847.8,304.9,304.9,101.63276,8123.8,0.0,0.0,55178.5,55178.5,63937.5
2007,-124696.8,-124696.8,-315016.9,-315016.9,1386951.2,12918.6,1386951.2,1386951.2,62.9,62.9,8.454860115,8.454860115,41352.7,49713.5,2204940.0,2204940.0,95.4,2204940.0,15530.5,0.0,0.0,263.7,167.9,167.9,167.9,11.2,5.7,37.3,23.1,32.4,20.6,24.8,17.7,57.9,39.5,11.4,7.1,12.7,7.3,1.8,1.3,18.8,12.0,78.0,47.6,9.8,6.6,13.1,10.2,10.2,10.2,2.5,2.5,0.5,0.3,0.5,0.3,1.9,1.3,1.9,1.4,0.5,0.3,0.1,0.1,0.1,0.1,1.6,1.1,2.2,1.5,1.7,1.5,276.7,178.1,178.1,178.1,13.8,8.2,37.7,23.4,32.9,20.9,26.7,19.1,59.9,41.0,11.8,7.4,12.8,7.4,2.0,1.4,20.4,13.2,80.3,49.1,11.5,8.1,1101459.0,1101459.0,61.1,1801244.7,1801244.7,85385.8,85385.8,134695.6,134695.6,73678.8,73678.8,116114.0,116114.0,615246.5,615246.5,985915.5,985915.5,187436.0,187436.0,314552.6,314552.6,354131.8,354131.8,554933.9,554933.9,700632.3,700632.3,1119206.1,1119206.1,744548.5,744548.5,1204927.7,1204927.7,208560.5,208560.5,349737.5,349737.5,744548.5,744548.5,1204927.7,1204927.7,771299.5,7184.2,771299.5,771299.5,61.8,61.8,6.617619587,6.617619587,1247541.7,1247541.7,108.7,1247541.7,8787.1,771299.5,771299.5,1247541.7,1247541.7,26751.1,26751.1,43246.7,43246.7,121599.0,121599.0,205437.3,205437.3,330159.5,3075.2,330159.5,330159.5,59.5,59.5,3.952479679,3.952479679,555174.7,555174.7,102.5,555174.7,3910.4,1511647.0,1511648.0,2487265.0,2487264.0,979860.1,979860.1,1595122.3,1595122.3,410189.0,410189.0,675230.9,675230.9,408097.6,3801.2,408097.6,408097.6,60.3,60.3,-11.010917806,-11.010917806,676712.3,676712.3,151.5,676712.3,4766.4,408097.6,408097.6,676712.3,676712.3,90613.4,90613.4,148083.6,148083.6,193639.4,193639.4,338963.9,338963.9,90418.8,90418.8,157684.8,157684.8,6311.6,6311.6,8971.6,8971.6,15108.0,15108.0,29579.5,29579.5,68999.2,68999.2,125110.0,125110.0,1361.5,1361.5,2300.6,2300.6,32064.6,32064.6,54075.3,54075.3,408097.0,408098.0,676712.0,676712.0,65778.0,65778.0,111855.0,111855.0,2091.4,2091.4,2091.4,2091.4,455476.2,4242.5,455476.2,455476.2,55.9,55.9,23.369711422,23.369711422,814728.0,814728.0,68.3,814728.0,5738.5,262919.8,262919.8,453589.4,453589.4,192556.4,192556.4,369525.3,369525.3,580173.0,5404.0,580173.0,580173.0,51.4,51.4,-2.262988363,-2.262988363,1129744.9,1129744.9,110.7,1129744.9,7957.4,396471.0,396471.0,757186.1,757186.1,183701.9,183701.9,371645.1,371645.1,312.4,312.4,107.36085,2091.4,0.0,0.0,42009.6,42009.6,40528.2
2008,-33179.0,-33179.0,-57309.5,-57309.5,1589625.1,13879.9,1589625.1,1589625.1,70.5,70.5,2.209496394,2.209496394,43527.8,49780.1,2253658.1,2253658.1,97.5,2253658.1,15873.6,0.0,0.0,277.7,169.3,169.3,169.3,10.9,5.3,38.9,23.3,34.1,20.8,26.5,15.3,61.1,40.7,12.2,7.5,14.3,7.9,1.9,1.2,20.6,12.2,81.5,49.3,9.8,6.7,13.7,10.0,10.0,10.0,2.4,2.3,0.5,0.3,0.5,0.3,2.4,1.5,2.0,1.5,0.5,0.3,0.1,0.1,0.1,0.1,1.7,1.1,2.4,1.5,1.7,1.4,291.4,179.3,179.3,179.3,13.3,7.5,39.5,23.6,34.6,21.1,28.9,16.8,63.1,42.2,12.7,7.8,14.3,8.0,2.0,1.3,22.4,13.3,83.8,50.7,11.5,8.2,1209162.1,1209162.1,69.3,1745883.7,1745883.7,59016.4,59016.4,82648.0,82648.0,77736.1,77736.1,111315.9,111315.9,699246.0,699246.0,997547.8,997547.8,217879.5,217879.5,319664.3,319664.3,403630.4,403630.4,566306.6,566306.6,758262.4,758262.4,1078096.5,1078096.5,792799.2,792799.2,1118878.0,1118878.0,241048.0,241048.0,368585.0,368585.0,792799.2,792799.2,1118878.0,1118878.0,823493.0,7190.4,823493.0,823493.0,70.7,70.7,-6.695929875,-6.695929875,1164007.1,1164007.1,101.4,1164007.1,8198.7,823493.0,823493.0,1164007.1,1164007.1,30693.8,30693.8,45713.9,45713.9,144621.2,144621.2,216508.4,216508.4,385669.2,3367.5,385669.2,385669.2,65.9,65.9,5.389052655,5.389052655,585093.4,585093.4,108.1,585093.4,4121.1,1622804.0,1622803.0,2317815.0,2317814.0,1064540.9,1064540.9,1529344.6,1529344.6,413642.0,413642.0,561431.9,561431.9,403243.2,3520.9,403243.2,403243.2,73.1,73.1,-18.457816692,-18.457816692,551806.0,551806.0,123.5,551806.0,3886.6,403243.2,403243.2,551806.0,551806.0,80902.7,80902.7,115697.1,115697.1,198320.6,198320.6,289632.5,289632.5,93437.9,93437.9,123452.1,123452.1,2590.6,2590.6,2746.4,2746.4,19923.3,19923.3,27941.0,27941.0,70924.0,70924.0,98975.9,98975.9,1563.7,1563.7,2272.2,2272.2,29018.2,29018.2,41122.4,41122.4,403244.0,403243.0,551806.0,551806.0,72759.0,72759.0,105530.0,105530.0,10398.8,10398.8,10398.8,10398.8,640625.3,5593.7,640625.3,640625.3,76.0,76.0,3.46441349,3.46441349,842953.6,842953.6,70.6,842953.6,5937.3,402677.7,402677.7,507461.2,507461.2,237947.6,237947.6,339882.1,339882.1,673804.3,5883.4,673804.3,673804.3,74.8,74.8,-20.312706819,-20.312706819,900263.1,900263.1,88.2,900263.1,6341.0,468460.3,468460.3,613977.4,613977.4,205344.1,205344.1,284929.2,284929.2,318.9,318.8,114.527,10398.8,0.0,0.0,435.2,435.2,10061.1
2009,130841.0,130841.0,198874.5,198874.5,1626390.7,13333.7,1626390.7,1626390.7,78.2,78.2,-7.663809528,-7.663809528,41850.9,46004.7,2080942.0,2080942.0,90.1,2080942.0,14657.1,0.0,0.0,240.3,154.5,154.5,154.5,11.5,5.5,34.4,21.8,30.0,19.3,14.3,9.1,51.5,36.2,10.7,6.9,11.7,6.9,1.3,0.8,16.9,10.7,78.8,49.9,9.3,6.7,12.6,10.1,10.1,10.1,2.4,2.3,0.4,0.3,0.4,0.3,1.7,1.4,1.7,1.4,0.5,0.4,0.1,0.1,0.1,0.1,1.6,1.2,2.3,1.5,1.7,1.5,252.9,164.6,164.6,164.6,13.9,7.8,34.9,22.1,30.4,19.6,16.0,10.4,53.2,37.6,11.2,7.3,11.7,7.0,1.4,0.9,18.5,11.9,81.1,51.4,11.0,8.2,1246336.5,1246336.5,78.9,1580357.4,1580357.4,33417.3,33417.3,36877.9,36877.9,86829.3,86829.3,96751.7,96751.7,766426.0,766426.0,958301.3,958301.3,249928.2,249928.2,307948.3,307948.3,429668.5,429668.5,553182.3,553182.3,799843.3,799843.3,992513.6,992513.6,802405.6,802405.6,973904.3,973904.3,256781.5,256781.5,357391.6,357391.6,802405.6,802405.6,973904.3,973904.3,834797.8,6844.0,834797.8,834797.8,82.0,82.0,-12.498925735,-12.498925735,1018518.8,1018518.8,88.7,1018518.8,7173.9,834797.8,834797.8,1018518.8,1018518.8,32392.3,32392.3,45409.7,45409.7,154757.2,154757.2,209933.3,209933.3,411538.6,3373.9,411538.6,411538.6,72.5,72.5,-3.036857274,-3.036857274,567324.9,567324.9,104.8,567324.9,3996.0,1495549.0,1495550.0,1868800.0,1868800.0,1091579.3,1091579.3,1370959.7,1370959.7,249213.3,249213.3,290333.2,290333.2,249359.5,2044.3,249359.5,249359.5,86.0,86.0,-47.457388145,-47.457388145,289933.3,289933.3,64.9,289933.3,2042.1,249359.5,249359.5,289933.3,289933.3,40110.3,40110.3,51284.4,51284.4,119326.5,119326.5,150553.5,150553.5,60275.9,60275.9,62574.3,62574.3,-3266.3,-3266.3,-3008.9,-3008.9,8138.9,8138.9,8602.5,8602.5,55403.3,55403.3,61493.9,61493.9,1350.4,1350.4,1735.8,1735.8,28296.4,28296.4,34533.8,34533.8,249360.0,249360.0,289933.0,289933.0,63145.0,63145.0,79747.0,79747.0,-146.3,-146.3,-146.3,-146.3,792374.4,6496.2,792374.4,792374.4,86.8,86.8,8.316585539,8.316585539,913058.6,913058.6,76.5,913058.6,6431.1,459715.7,459715.7,553431.8,553431.8,332658.7,332658.7,363878.8,363878.8,661533.4,5423.5,661533.4,661533.4,92.6,92.6,-20.669408392,-20.669408392,714184.1,714184.1,70.0,714184.1,5030.4,417231.1,417231.1,459029.9,459029.9,244302.3,244302.3,255724.2,255724.2,318.6,318.6,121.97593,-146.3,0.0,0.0,5890.7,5890.7,6290.6
2010,165509.2,165509.2,191029.1,191029.1,1680966.9,12650.2,1680966.9,1680966.9,83.1,83.1,-2.832774929,-2.832774929,39764.8,44768.3,2021993.6,2021993.6,87.5,2021993.6,14241.9,0.0,0.0,236.3,152.6,152.6,152.6,11.9,5.7,34.9,21.9,30.6,19.4,11.6,7.5,51.9,36.5,10.8,6.8,11.2,6.7,1.3,0.9,16.8,10.7,76.6,49.2,9.3,6.8,12.0,9.9,9.9,9.9,2.3,2.2,0.4,0.3,0.4,0.3,1.6,1.3,1.6,1.3,0.5,0.4,0.1,0.1,0.1,0.1,1.5,1.2,2.2,1.5,1.6,1.5,248.3,162.5,162.5,162.5,14.2,7.9,35.3,22.1,30.9,19.7,13.2,8.9,53.6,37.9,11.2,7.2,11.3,6.7,1.4,0.9,18.3,11.8,78.8,50.7,10.9,8.3,1281649.9,1281649.9,82.2,1559704.6,1559704.6,36712.7,36712.7,40074.4,40074.4,87576.0,87576.0,91576.9,91576.9,789785.3,789785.3,942930.8,942930.8,266835.7,266835.7,306693.1,306693.1,435373.6,435373.6,544646.3,544646.3,826498.0,826498.0,980853.7,980853.7,832695.0,832695.0,972707.0,972707.0,255271.1,255271.1,345144.5,345144.5,832695.0,832695.0,972707.0,972707.0,864416.4,6505.2,864416.4,864416.4,85.1,85.1,-0.26175509,-0.26175509,1015852.7,1015852.7,88.5,1015852.7,7155.2,864416.4,864416.4,1015852.7,1015852.7,31721.4,31721.4,43729.2,43729.2,161962.3,161962.3,202739.3,202739.3,417233.5,3139.9,417233.5,417233.5,76.2,76.2,-3.426793266,-3.426793266,547883.9,547883.9,101.2,547883.9,3859.0,1515458.0,1515458.0,1820946.0,1820946.0,1119687.5,1119687.5,1357163.8,1357163.8,233807.9,233807.9,264694.0,264694.0,236722.9,1781.5,236722.9,236722.9,89.1,89.1,-8.411154753,-8.411154753,265546.5,265546.5,59.4,265546.5,1870.4,236722.9,236722.9,265546.5,265546.5,35541.6,35541.6,42062.3,42062.3,97060.2,97060.2,116317.9,116317.9,74888.4,74888.4,77863.5,77863.5,11463.6,11463.6,10892.5,10892.5,7684.2,7684.2,8097.8,8097.8,55740.6,55740.6,61621.0,61621.0,1671.0,1671.0,2025.0,2025.0,27561.8,27561.8,32606.3,32606.3,236723.0,236723.0,265547.0,265547.0,55066.0,55066.0,66179.0,66179.0,-2915.0,-2915.0,-2915.0,-2915.0,869837.1,6546.0,869837.1,869837.1,94.4,94.4,0.954306287,0.954306287,921771.9,921771.9,77.2,921771.9,6492.5,502270.0,502270.0,528662.1,528662.1,367567.1,367567.1,394656.4,394656.4,704327.9,5300.4,704327.9,704327.9,96.4,96.4,2.31856026,2.31856026,730742.9,730742.9,71.6,730742.9,5147.0,438224.8,438224.8,457162.3,457162.3,266103.1,266103.1,273556.3,273556.3,318.1,318.1,132.88092,-2915.0,0.0,0.0,2533.9,2533.9,1681.4
2011,135594.5,135594.5,172833.7,172833.7,1765008.7,13059.4,1765008.7,1765008.7,85.7,85.7,1.845779178,1.845779178,40906.6,45433.9,2059315.2,2059315.2,89.1,2059315.2,14504.8,0.0,0.0,240.1,154.2,154.2,154.2,12.1,5.8,36.3,22.4,31.9,20.1,10.9,7.0,53.7,37.7,11.1,7.0,11.3,6.6,1.3,0.9,17.9,11.2,76.2,48.8,9.4,6.8,12.5,10.2,10.2,10.2,2.5,2.2,0.4,0.3,0.4,0.3,1.8,1.4,1.7,1.4,0.5,0.4,0.1,0.1,0.1,0.1,1.6,1.2,2.3,1.6,1.7,1.6,252.6,164.3,164.3,164.3,14.5,8.0,36.7,22.8,32.3,20.4,12.6,8.4,55.4,39.1,11.6,7.3,11.4,6.7,1.4,0.9,19.5,12.4,78.5,50.4,11.0,8.3,1354370.0,1354370.0,85.6,1581652.6,1581652.6,45378.9,45378.9,48934.0,48934.0,88916.5,88916.5,92158.0,92158.0,834368.8,834368.8,960434.7,960434.7,291655.4,291655.4,317640.2,317640.2,453796.9,453796.9,550376.9,550376.9,879747.7,879747.7,1007885.1,1007885.1,882357.2,882357.2,994508.8,994508.8,264153.5,264153.5,344734.4,344734.4,882357.2,882357.2,994508.8,994508.8,915313.7,6772.5,915313.7,915313.7,88.2,88.2,2.143772051,2.143772051,1037630.3,1037630.3,90.4,1037630.3,7308.5,915313.7,915313.7,1037630.3,1037630.3,32956.5,32956.5,43546.5,43546.5,174902.8,174902.8,202498.4,202498.4,439056.3,3248.6,439056.3,439056.3,80.2,80.2,-0.118840297,-0.118840297,547232.8,547232.8,101.1,547232.8,3854.4,1629414.0,1629414.0,1880060.0,1880060.0,1179467.2,1179467.2,1379257.5,1379257.5,275044.2,275044.2,299971.9,299971.9,271238.2,2006.9,271238.2,271238.2,92.1,92.1,10.929650836,10.929650836,294569.9,294569.9,65.9,294569.9,2074.8,271238.2,271238.2,294569.9,294569.9,39966.5,39966.5,44317.4,44317.4,83449.7,83449.7,95670.2,95670.2,98731.8,98731.8,100980.5,100980.5,22692.4,22692.4,21114.0,21114.0,9613.8,9613.8,10189.3,10189.3,66425.6,66425.6,72114.0,72114.0,1683.0,1683.0,1938.8,1938.8,47407.3,47407.3,55124.2,55124.2,271238.0,271238.0,294570.0,294570.0,73639.0,73638.0,85021.0,85021.0,3805.9,3805.9,3805.9,3805.9,962733.4,7123.3,962733.4,962733.4,101.0,101.0,3.39592269,3.39592269,953074.6,953074.6,79.8,953074.6,6713.0,562826.9,562826.9,542910.3,542910.3,399906.5,399906.5,411837.8,411837.8,827138.9,6120.1,827138.9,827138.9,106.0,106.0,6.773659613,6.773659613,780240.9,780240.9,76.4,780240.9,5495.6,526258.4,526258.4,488227.2,488227.2,300880.5,300880.5,291989.3,291989.3,319.3,319.2,135.152,3805.9,0.0,0.0,1646.5,1646.5,7048.5
2012,106403.6,106403.6,171206.3,171206.3,1845159.8,13471.5,1845159.8,1845159.8,88.7,88.7,1.063636568,1.063636568,42003.3,45706.0,2081218.8,2081218.8,90.1,2081218.8,14659.1,0.0,0.0,241.9,156.9,156.9,156.9,12.1,5.8,36.7,22.9,32.4,20.6,10.7,6.9,55.7,39.5,10.9,6.9,11.2,6.5,1.4,0.9,18.5,11.7,75.6,49.0,9.3,6.8,13.1,10.5,10.5,10.5,2.7,2.3,0.4,0.3,0.4,0.3,1.8,1.4,1.7,1.4,0.6,0.4,0.1,0.1,0.1,0.1,1.7,1.3,2.3,1.6,1.6,1.5,255.0,167.3,167.3,167.3,14.8,8.1,37.1,23.3,32.8,20.9,12.5,8.3,57.4,40.9,11.5,7.3,11.2,6.6,1.5,1.1,20.1,13.0,77.9,50.5,10.9,8.3,1443238.0,1443238.0,90.6,1592842.5,1592842.5,54894.6,54894.6,55443.4,55443.4,95114.1,95114.1,94229.8,94229.8,900867.2,900867.2,979817.2,979817.2,316186.7,316186.7,325579.9,325579.9,489566.5,489566.5,559532.8,559532.8,955761.8,955761.8,1034091.7,1034091.7,951600.9,951600.9,1013941.1,1013941.1,272247.6,272247.6,339180.1,339180.1,951600.9,951600.9,1013941.1,1013941.1,986447.2,7202.0,986447.2,986447.2,93.4,93.4,1.81968469,1.81968469,1056511.9,1056511.9,92.0,1056511.9,7441.5,986447.2,986447.2,1056511.9,1056511.9,34846.3,34846.3,42773.4,42773.4,184543.2,184543.2,199235.8,199235.8,456790.8,3335.0,456790.8,456790.8,84.8,84.8,-1.611166863,-1.611166863,538416.0,538416.0,99.5,538416.0,3792.3,1738756.0,1738756.0,1905689.0,1905689.0,1258694.8,1258694.8,1393757.8,1393757.8,295518.1,295518.1,313746.9,313746.9,294910.4,2153.1,294910.4,294910.4,95.2,95.2,5.14132268,5.14132268,309714.6,309714.6,69.3,309714.6,2181.5,294910.4,294910.4,309714.6,309714.6,44987.5,44987.5,47495.5,47495.5,78370.1,78370.1,85115.2,85115.2,138529.4,138529.4,140207.5,140207.5,51045.4,51045.4,50934.4,50934.4,10608.2,10608.2,10609.5,10609.5,76875.8,76875.8,78527.3,78527.3,1506.0,1506.0,1651.0,1651.0,31517.4,31517.4,34406.1,34406.1,294911.0,294910.0,309715.0,309715.0,46464.0,46464.0,50749.0,50749.0,607.8,607.8,607.8,607.8,1013473.5,7399.4,1013473.5,1013473.5,102.6,102.6,3.598109316,3.598109316,987367.3,987367.3,82.7,987367.3,6954.5,576477.3,576477.3,561584.6,561584.6,436996.2,436996.2,427574.6,427574.6,907069.8,6622.5,907069.8,907069.8,111.1,111.1,4.603710782,4.603710782,816160.9,816160.9,80.0,816160.9,5748.6,564318.3,564318.3,499358.2,499358.2,342751.6,342751.6,317299.6,317299.6,320.7,320.7,136.96767,607.8,0.0,0.0,1337.8,1337.8,5370.0
2013,151819.0,151819.0,237530.8,237530.8,1970145.7,14378.3,1970145.7,1970145.7,90.5,90.5,4.552460316,4.552460316,44332.9,47256.3,2175965.5,2175965.5,94.2,2175965.5,15326.4,0.0,0.0,248.0,160.9,160.9,160.9,12.0,5.8,37.5,23.4,33.2,21.1,11.5,7.4,58.2,41.2,11.4,7.1,11.0,6.3,1.5,1.0,19.3,12.2,76.3,49.7,9.5,6.9,13.1,10.4,10.4,10.4,2.6,2.2,0.4,0.3,0.4,0.3,2.0,1.5,1.8,1.4,0.6,0.4,0.1,0.1,0.1,0.1,1.7,1.3,2.3,1.6,1.6,1.5,261.1,171.3,171.3,171.3,14.5,8.0,37.9,23.7,33.6,21.4,13.4,8.8,59.9,42.6,12.0,7.6,11.1,6.4,1.7,1.1,21.0,13.4,78.6,51.3,11.0,8.4,1513552.2,1513552.2,94.1,1608963.2,1608963.2,55721.4,55721.4,54653.2,54653.2,100417.7,100417.7,97253.6,97253.6,960816.6,960816.6,1003615.6,1003615.6,332792.2,332792.2,332195.2,332195.2,527606.7,527606.7,573709.7,573709.7,1016538.0,1016538.0,1056919.3,1056919.3,996656.3,996656.3,1024904.6,1024904.6,290543.6,290543.6,342200.8,342200.8,996656.3,996656.3,1024904.6,1024904.6,1033819.6,7544.9,1033819.6,1033819.6,96.8,96.8,1.06832789,1.06832789,1067798.9,1067798.9,93.0,1067798.9,7521.0,1033819.6,1033819.6,1067798.9,1067798.9,37163.3,37163.3,43079.2,43079.2,189188.9,189188.9,201010.2,201010.2,479732.6,3501.1,479732.6,479732.6,88.3,88.3,0.890584979,0.890584979,543211.0,543211.0,100.3,543211.0,3826.1,1818326.0,1818327.0,1923221.0,1923220.0,1324363.3,1324363.3,1408111.9,1408111.9,304774.5,304774.5,315221.4,315221.4,307382.0,2243.3,307382.0,307382.0,97.1,97.1,2.232794008,2.232794008,316629.9,316629.9,70.9,316629.9,2230.2,307382.0,307382.0,316629.9,316629.9,50803.5,50803.5,52475.4,52475.4,95792.5,95792.5,100988.3,100988.3,124542.5,124542.5,125160.7,125160.7,32276.0,32276.0,32320.9,32320.9,10870.1,10870.1,10799.8,10799.8,81396.3,81396.3,82201.7,82201.7,1464.4,1464.4,1551.8,1551.8,34779.1,34779.1,36818.5,36818.5,307382.0,307381.0,316629.0,316629.0,60443.0,60442.0,63853.0,63853.0,-2607.5,-2607.5,-2607.5,-2607.5,1049058.3,7656.1,1049058.3,1049058.3,99.5,99.5,6.80481012,6.80481012,1054555.7,1054555.7,88.4,1054555.7,7427.8,561378.6,561378.6,582746.0,582746.0,487679.7,487679.7,473798.4,473798.4,897239.3,6548.1,897239.3,897239.3,109.8,109.8,0.105862078,0.105862078,817024.9,817024.9,80.1,817024.9,5754.7,553235.3,553235.3,498078.5,498078.5,344004.0,344004.0,319527.3,319527.3,324.3,324.3,137.02262,-2607.5,0.0,0.0,12203.4,12203.4,10794.8
2014,132955.4,132955.4,196670.8,196670.8,2086359.6,15058.8,2086359.6,2086359.6,94.3,94.3,1.687215021,1.687215021,45963.4,47569.6,2212678.7,2212678.7,95.8,2212678.7,15585.0,0.0,0.0,252.4,165.0,165.0,165.0,11.2,5.6,37.8,23.7,33.4,21.3,12.3,8.0,60.5,43.0,11.5,7.2,10.6,6.1,1.6,1.1,20.1,12.8,77.2,50.4,9.6,7.0,13.2,10.5,10.5,10.5,2.6,2.2,0.4,0.3,0.4,0.3,2.0,1.4,1.8,1.4,0.6,0.5,0.1,0.1,0.1,0.1,1.7,1.3,2.4,1.6,1.6,1.5,265.6,175.4,175.4,175.4,13.8,7.8,38.2,24.1,33.9,21.6,14.3,9.4,62.3,44.5,12.1,7.7,10.6,6.2,1.8,1.2,21.8,14.1,79.5,52.0,11.2,8.6,1594056.7,1594056.7,97.2,1639596.1,1639596.1,67119.0,67119.0,63902.7,63902.7,103753.5,103753.5,99018.3,99018.3,1023937.0,1023937.0,1041146.4,1041146.4,345238.6,345238.6,341285.0,341285.0,574944.9,574944.9,600896.5,600896.5,1091056.0,1091056.0,1104081.7,1104081.7,1050739.3,1050739.3,1055284.2,1055284.2,313053.1,313053.1,341330.1,341330.1,1050739.3,1050739.3,1055284.2,1055284.2,1090745.3,7872.7,1090745.3,1090745.3,99.3,99.3,2.905445218,2.905445218,1098823.2,1098823.2,95.7,1098823.2,7739.6,1090745.3,1090745.3,1098823.2,1098823.2,40006.0,40006.0,43652.7,43652.7,190258.3,190258.3,200498.7,200498.7,503311.4,3632.8,503311.4,503311.4,92.9,92.9,-0.254448689,-0.254448689,541828.8,541828.8,100.1,541828.8,3816.4,1953405.0,1953403.0,2010323.0,2010322.0,1403798.4,1403798.4,1439262.3,1439262.3,359347.4,359347.4,370592.2,370592.2,357983.1,2583.8,357983.1,357983.1,97.3,97.3,16.14487238,16.14487238,367749.4,367749.4,82.3,367749.4,2590.2,357983.1,357983.1,367749.4,367749.4,58946.4,58946.4,60387.6,60387.6,111201.1,111201.1,115844.1,115844.1,147874.8,147874.8,150071.9,150071.9,46461.4,46461.4,46996.1,46996.1,14694.6,14694.6,14887.9,14887.9,86718.7,86718.7,88279.9,88279.9,1590.0,1590.0,1659.8,1659.8,38370.8,38370.8,39978.2,39978.2,357983.0,357984.0,367749.0,367749.0,61186.0,61186.0,63799.0,63799.0,1364.3,1364.3,1364.3,1364.3,1074873.6,7758.1,1074873.6,1074873.6,98.1,98.1,3.888664427,3.888664427,1095563.9,1095563.9,91.8,1095563.9,7716.6,572395.2,572395.2,598820.0,598820.0,502478.5,502478.5,498387.7,498387.7,941918.2,6798.5,941918.2,941918.2,104.8,104.8,10.020277467,10.020277467,898893.1,898893.1,88.1,898893.1,6331.4,578660.8,578660.8,547075.2,547075.2,363257.4,363257.4,352485.8,352485.8,327.6,327.6,138.54787,1364.3,0.0,0.0,4763.7,4763.7,7606.5
2015,172972.4,172972.4,172972.4,172972.4,2310847.8,16276.4,2310847.8,2310847.8,100.0,100.0,4.436663729,4.436663729,49158.7,49158.7,2310847.8,2310847.8,100.0,2310847.8,16276.4,0.0,0.0,259.7,170.2,170.2,170.2,11.2,5.5,37.9,23.9,33.6,21.4,13.4,8.8,64.1,45.7,11.7,7.3,10.0,5.8,1.7,1.1,21.4,13.8,78.3,50.9,10.0,7.2,13.2,10.3,10.3,10.3,2.5,2.1,0.4,0.3,0.4,0.3,2.0,1.4,1.8,1.4,0.6,0.5,0.1,0.1,0.1,0.1,1.7,1.3,2.4,1.7,1.5,1.5,272.8,180.5,180.5,180.5,13.7,7.7,38.4,24.3,34.0,21.8,15.4,10.2,65.9,47.0,12.3,7.8,10.1,5.9,1.8,1.2,23.1,15.1,80.7,52.6,11.5,8.7,1689487.1,1689487.1,100.0,1689487.1,1689487.1,83183.2,83183.2,83183.2,83183.2,105994.1,105994.1,105994.1,105994.1,1092278.0,1092278.0,1092278.0,1092278.0,355514.2,355514.2,355514.2,355514.2,630769.7,630769.7,630769.7,630769.7,1175461.1,1175461.1,1175461.1,1175461.1,1103998.6,1103998.6,1103998.6,1103998.6,341041.4,341041.4,341041.4,341041.4,1103998.6,1103998.6,1103998.6,1103998.6,1148116.6,8086.8,1148116.6,1148116.6,100.0,100.0,4.486012362,4.486012362,1148116.6,1148116.6,100.0,1148116.6,8086.8,1148116.6,1148116.6,1148116.6,1148116.6,44118.0,44118.0,44118.0,44118.0,200329.1,200329.1,200329.1,200329.1,541370.5,3813.1,541370.5,541370.5,100.0,100.0,-0.084584689,-0.084584689,541370.5,541370.5,100.0,541370.5,3813.1,2137875.0,2137876.0,2137876.0,2137875.0,1489158.0,1489158.0,1489158.0,1489158.0,448388.3,448388.3,448388.3,448388.3,446756.8,3146.7,446756.8,446756.8,100.0,100.0,21.484016329,21.484016329,446756.8,446756.8,100.0,446756.8,3146.7,446756.8,446756.8,446756.8,446756.8,59080.6,59080.6,59080.6,59080.6,137525.5,137525.5,137525.5,137525.5,200199.4,200199.4,200199.4,200199.4,86523.2,86523.2,86523.2,86523.2,13512.8,13512.8,13512.8,13512.8,100163.3,100163.3,100163.3,100163.3,1704.6,1704.6,1704.6,1704.6,48246.7,48246.7,48246.7,48246.7,446757.0,446757.0,446756.0,446756.0,63316.0,63316.0,63317.0,63317.0,1631.5,1631.5,1631.5,1631.5,1193592.7,8407.1,1193592.7,1193592.7,100.0,100.0,8.947794847,8.947794847,1193592.7,1193592.7,100.0,1193592.7,8407.1,617899.2,617899.2,617899.2,617899.2,575693.5,575693.5,575693.5,575693.5,1020620.3,7188.7,1020620.3,1020620.3,100.0,100.0,13.541896517,13.541896517,1020620.3,1020620.3,100.0,1020620.3,7188.7,649917.8,649917.8,649917.8,649917.8,370702.4,370702.4,370702.4,370702.4,331.1,331.1,141.97493,1631.5,0.0,0.0,0.0,0.0,1631.5
2016,166676.1,166676.1,154645.0,154645.0,2512054.8,17939.4,2512054.8,2512054.8,102.3,102.3,6.303687125,6.303687125,53295.9,51403.6,2456516.4,2456516.4,106.3,2456516.4,17302.5,0.0,0.0,273.6,178.5,178.5,178.5,10.4,5.3,39.2,24.4,34.6,21.9,16.0,10.3,71.1,50.2,12.3,7.6,10.0,5.8,1.8,1.2,24.5,15.7,78.4,50.8,9.9,7.2,13.2,10.3,10.3,10.3,2.4,2.0,0.4,0.3,0.4,0.3,2.1,1.4,1.9,1.4,0.6,0.4,0.1,0.1,0.1,0.1,1.7,1.3,2.4,1.7,1.5,1.5,286.8,188.7,188.7,188.7,12.7,7.4,39.6,24.7,35.0,22.2,18.1,11.7,73.0,51.6,12.8,8.1,10.1,5.8,1.9,1.3,26.3,16.9,80.8,52.4,11.4,8.7,1815739.9,1815739.9,102.5,1771509.2,1771509.2,101933.4,101933.4,100201.0,100201.0,110381.1,110381.1,114125.3,114125.3,1208470.9,1208470.9,1180702.6,1180702.6,371739.8,371739.8,373189.5,373189.5,726350.0,726350.0,693387.8,693387.8,1310404.3,1310404.3,1280903.6,1280903.6,1187291.0,1187291.0,1180445.4,1180445.4,372572.9,372572.9,344009.2,344009.2,1187291.0,1187291.0,1180445.4,1180445.4,1237722.4,8839.0,1237722.4,1237722.4,101.0,101.0,6.733717654,6.733717654,1225427.5,1225427.5,106.7,1225427.5,8631.3,1237722.4,1237722.4,1225427.5,1225427.5,50431.3,50431.3,44982.1,44982.1,205444.6,205444.6,202072.5,202072.5,578017.5,4127.8,578017.5,578017.5,105.8,105.8,0.870231036,0.870231036,546081.7,546081.7,100.9,546081.7,3846.3,2345379.0,2345379.0,2301871.0,2301871.0,1610295.2,1610295.2,1569436.7,1569436.7,529638.9,529638.9,530362.2,530362.2,525915.3,3755.7,525915.3,525915.3,99.8,99.8,17.988893666,17.988893666,527123.4,527123.4,118.0,527123.4,3712.8,525915.3,525915.3,527123.4,527123.4,79570.2,79570.2,74353.2,74353.2,169696.6,169696.6,165738.9,165738.9,221473.3,221473.3,232535.5,232535.5,89205.2,89205.2,94369.4,94369.4,14425.5,14425.5,15639.2,15639.2,117842.7,117842.7,122527.0,122527.0,1506.9,1506.9,1450.8,1450.8,53668.2,53668.2,53045.0,53045.0,525915.0,525915.0,527123.0,527123.0,65144.0,65144.0,62901.0,62901.0,3723.6,3723.6,3723.6,3723.6,1192825.0,8518.4,1192825.0,1192825.0,90.1,90.1,10.951264325,10.951264325,1324306.1,1324306.1,111.0,1324306.1,9327.7,544253.2,544253.2,640886.2,640886.2,648571.8,648571.8,683420.0,683420.0,1026149.0,7328.1,1026149.0,1026149.0,87.7,87.7,14.602966299,14.602966299,1169661.1,1169661.1,114.6,1169661.1,8238.5,641987.9,641987.9,741055.8,741055.8,384161.1,384161.1,428605.3,428605.3,336.6,336.6,140.02995,3723.6,0.0,0.0,0.0,0.0,3238.8
2017,118506.0,118506.0,83538.0,83538.0,2641959.4,19106.3,2641959.4,2641959.4,103.2,103.2,4.19494881,4.19494881,55400.5,52274.9,2559566.0,2559566.0,110.8,2559566.0,18028.3,0.0,0.0,283.7,186.9,186.9,186.9,9.4,5.1,38.4,24.3,33.7,21.6,18.9,12.2,76.2,54.1,12.2,7.6,9.8,5.7,1.9,1.3,27.2,17.6,79.6,51.6,10.1,7.5,12.8,9.8,9.8,9.8,2.2,1.9,0.4,0.3,0.4,0.3,2.1,1.3,1.8,1.4,0.5,0.4,0.1,0.0,0.1,0.1,1.7,1.3,2.4,1.6,1.5,1.5,296.4,196.7,196.7,196.7,11.6,7.0,38.7,24.6,34.1,21.9,21.0,13.5,78.0,55.4,12.7,8.0,9.8,5.7,2.1,1.4,28.8,18.9,82.1,53.3,11.6,8.9,1949053.5,1949053.5,103.4,1884174.6,1884174.6,110894.9,110894.9,120076.8,120076.8,110188.5,110188.5,124455.4,124455.4,1288458.6,1288458.6,1249697.4,1249697.4,381888.8,381888.8,390757.8,390757.8,796381.3,796381.3,734556.8,734556.8,1399353.5,1399353.5,1369695.5,1369695.5,1267253.9,1267253.9,1276652.0,1276652.0,405073.2,405073.2,354062.3,354062.3,1267253.9,1267253.9,1276652.0,1276652.0,1323509.7,9571.4,1323509.7,1323509.7,100.0,100.0,7.965188441,7.965188441,1323035.1,1323035.1,115.2,1323035.1,9318.8,1323509.7,1323509.7,1323035.1,1323035.1,56255.8,56255.8,46607.6,46607.6,220470.5,220470.5,207977.7,207977.7,625543.7,4523.8,625543.7,625543.7,111.3,111.3,2.92232247,2.92232247,562039.9,562039.9,103.8,562039.9,3958.7,2523453.0,2523453.0,2464974.0,2464976.0,1728582.9,1728582.9,1676133.7,1676133.7,574400.0,574400.0,581140.0,581140.0,575220.6,4159.9,575220.6,575220.6,98.7,98.7,10.56559917,10.56559917,582817.1,582817.1,130.5,582817.1,4105.1,575220.6,575220.6,582817.1,582817.1,98543.0,98543.0,89707.0,89707.0,201835.6,201835.6,195509.4,195509.4,218378.5,218378.5,240622.4,240622.4,80684.5,80684.5,91477.6,91477.6,14426.0,14426.0,16434.7,16434.7,123268.0,123268.0,132614.6,132614.6,1637.0,1637.0,1547.1,1547.1,54826.5,54826.5,53886.5,53886.5,575221.0,575220.0,582816.0,582816.0,79325.0,79324.0,75658.0,75658.0,-820.6,-820.6,-820.6,-820.6,1208227.2,8737.7,1208227.2,1208227.2,86.8,86.8,5.079696723,5.079696723,1391576.9,1391576.9,116.6,1391576.9,9801.6,532773.2,532773.2,647885.7,647885.7,675454.0,675454.0,741004.0,741004.0,1089721.3,7880.7,1089721.3,1089721.3,83.3,83.3,11.830589899,11.830589899,1308038.9,1308038.9,128.2,1308038.9,9213.2,695176.6,695176.6,824751.0,824751.0,394544.7,394544.7,483154.9,483154.9,344.9,344.9,138.27718,-820.6,0.0,0.0,9813.0,9813.0,8135.9
2018,94115.7,94115.7,95340.7,95340.7,2844409.7,20177.4,2844409.7,2844409.7,105.9,105.9,4.888798269,4.888798269,56982.1,53402.0,2684698.0,2684698.0,116.2,2684698.0,18909.7,0.0,0.0,290.6,192.8,192.8,192.8,9.9,5.3,38.6,24.7,33.8,22.0,20.5,13.4,77.1,54.9,12.6,7.9,9.6,5.7,2.1,1.4,28.0,18.4,81.7,53.5,10.5,7.8,12.6,9.8,9.8,9.8,2.1,1.9,0.4,0.3,0.3,0.3,1.9,1.3,1.8,1.4,0.5,0.4,0.1,0.1,0.1,0.1,1.7,1.3,2.4,1.6,1.6,1.6,303.2,202.6,202.6,202.6,12.0,7.1,39.0,25.0,34.1,22.2,22.4,14.6,78.9,56.2,13.1,8.3,9.7,5.7,2.3,1.5,29.7,19.6,84.1,55.1,12.1,9.3,2116708.2,2116708.2,107.2,1974452.6,1974452.6,109637.1,109637.1,119711.9,119711.9,119880.1,119880.1,140955.1,140955.1,1392039.4,1392039.4,1315626.3,1315626.3,410608.7,410608.7,410975.0,410975.0,861550.6,861550.6,765555.1,765555.1,1501676.5,1501676.5,1435898.8,1435898.8,1368761.4,1368761.4,1339096.2,1339096.2,442864.2,442864.2,370874.9,370874.9,1368761.4,1368761.4,1339096.2,1339096.2,1429948.3,10143.6,1429948.3,1429948.3,103.1,103.1,4.811661037,4.811661037,1386695.1,1386695.1,120.8,1386695.1,9767.2,1429948.3,1429948.3,1386695.1,1386695.1,61186.9,61186.9,48014.6,48014.6,243895.6,243895.6,217853.4,217853.4,686759.8,4871.7,686759.8,686759.8,116.7,116.7,4.748479371,4.748479371,588728.3,588728.3,108.7,588728.3,4146.7,2750294.0,2750294.0,2580734.0,2580735.0,1872812.6,1872812.6,1756535.4,1756535.4,633585.8,633585.8,606553.2,606553.2,625846.5,4439.6,625846.5,625846.5,104.2,104.2,3.098617334,3.098617334,600876.4,600876.4,134.5,600876.4,4232.3,625846.5,625846.5,600876.4,600876.4,121520.3,121520.3,104126.0,104126.0,223074.2,223074.2,205927.3,205927.3,220128.0,220128.0,229721.5,229721.5,81172.5,81172.5,87830.3,87830.3,20666.3,20666.3,22088.6,22088.6,118289.2,118289.2,120093.0,120093.0,1690.0,1690.0,1522.8,1522.8,59434.0,59434.0,55015.4,55015.4,625847.0,625847.0,600876.0,600876.0,116233.0,116232.0,104949.0,104949.0,7739.3,7739.3,7739.3,7739.3,1326470.6,9409.6,1326470.6,1326470.6,93.7,93.7,1.68080133,1.68080133,1414966.5,1414966.5,118.5,1414966.5,9966.3,619457.8,619457.8,672844.6,672844.6,707012.8,707012.8,740766.5,740766.5,1232354.8,8741.9,1232354.8,1232354.8,93.4,93.4,0.885820306,0.885820306,1319625.8,1319625.8,129.3,1319625.8,9294.8,781817.4,781817.4,803506.5,803506.5,450537.4,450537.4,516904.3,516904.3,354.1,354.1,140.97028,7739.3,0.0,0.0,7380.7,7380.7,13057.5
2019,137358.8,137358.8,141761.9,141761.9,3043848.3,20990.5,3043848.3,3043848.3,110.7,110.7,2.415456068,2.415456068,58049.0,53557.6,2749545.7,2749545.7,119.0,2749545.7,19366.4,0.0,0.0,287.0,192.3,192.3,192.3,9.8,5.2,37.8,24.3,33.0,21.6,20.6,13.7,73.2,52.7,12.3,7.7,9.3,5.5,2.2,1.5,27.2,18.0,83.9,55.5,10.8,8.1,12.5,10.1,10.1,10.1,2.0,1.9,0.3,0.3,0.3,0.3,1.8,1.3,1.7,1.4,0.5,0.4,0.1,0.1,0.1,0.1,1.7,1.4,2.6,1.8,1.7,1.6,299.6,202.4,202.4,202.4,11.9,7.0,38.1,24.6,33.3,21.8,22.4,15.0,74.9,54.1,12.9,8.1,9.3,5.6,2.3,1.6,28.9,19.4,86.4,57.3,12.4,9.8,2263561.4,2263561.4,111.8,2024682.0,2024682.0,98056.8,98056.8,105510.3,105510.3,129432.0,129432.0,147042.2,147042.2,1478114.9,1478114.9,1349098.5,1349098.5,435111.9,435111.9,424011.1,424011.1,913571.0,913571.0,780851.8,780851.8,1576171.6,1576171.6,1457327.1,1457327.1,1453855.9,1453855.9,1363355.2,1363355.2,483389.4,483389.4,385340.7,385340.7,1453855.9,1453855.9,1363355.2,1363355.2,1519522.8,10478.7,1519522.8,1519522.8,107.5,107.5,1.892487605,1.892487605,1412938.1,1412938.1,123.1,1412938.1,9952.0,1519522.8,1519522.8,1412938.1,1412938.1,65666.9,65666.9,49792.2,49792.2,260649.2,260649.2,226350.7,226350.7,744038.6,5130.9,744038.6,744038.6,121.6,121.6,3.900451503,3.900451503,611691.4,611691.4,113.0,611691.4,4308.4,2906490.0,2906490.0,2604747.0,2604748.0,2002912.3,2002912.3,1798118.1,1798118.1,642928.0,642928.0,579502.0,579502.0,648281.9,4470.6,648281.9,648281.9,110.5,110.5,-2.376685321,-2.376685321,586595.5,586595.5,131.3,586595.5,4131.7,648281.9,648281.9,586595.5,586595.5,166857.9,166857.9,136552.0,136552.0,220593.8,220593.8,194903.8,194903.8,191319.9,191319.9,181367.7,181367.7,64573.1,64573.1,63194.7,63194.7,18447.6,18447.6,17739.1,17739.1,108299.2,108299.2,100298.7,100298.7,2760.0,2760.0,2413.9,2413.9,66750.3,66750.3,59245.3,59245.3,648282.0,648282.0,586595.0,586595.0,109226.0,109226.0,94110.0,94110.0,-5353.8,-5353.8,-5353.8,-5353.8,1350221.5,9311.2,1350221.5,1350221.5,100.1,100.1,-4.668365942,-4.668365942,1348910.7,1348910.7,113.0,1348910.7,9501.0,653388.1,653388.1,666317.4,666317.4,696833.4,696833.4,682181.8,682181.8,1212862.7,8364.0,1212862.7,1212862.7,100.5,100.5,-8.523398867,-8.523398867,1207148.8,1207148.8,118.3,1207148.8,8502.5,776654.4,776654.4,753604.8,753604.8,436208.3,436208.3,452100.1,452100.1,361.6,361.6,145.01074,-5353.8,0.0,0.0,3652.4,3652.4,-3441.1
2020,-16372.6,-16372.6,-1159.3,-1159.3,2937930.0,19627.4,2937930.0,2937930.0,114.7,114.7,-6.842296009,-6.842296009,53429.6,49112.0,2561413.7,2561413.7,110.8,2561413.7,18041.3,0.0,0.0,267.4,182.9,182.9,182.9,9.7,5.1,36.0,23.3,31.1,20.5,18.9,12.7,59.1,45.0,12.1,7.5,8.9,5.3,2.2,1.5,22.1,15.1,87.4,59.0,10.9,8.4,11.4,9.9,9.9,9.9,2.0,1.8,0.3,0.2,0.3,0.2,1.7,1.2,1.1,1.2,0.6,0.5,0.1,0.1,0.2,0.1,1.5,1.4,2.5,1.8,1.5,1.6,278.8,192.8,192.8,192.8,11.8,7.0,36.3,23.6,31.4,20.7,20.6,13.9,60.2,46.1,12.7,8.0,8.9,5.3,2.3,1.6,23.7,16.4,89.9,60.8,12.4,10.1,2328851.5,2328851.5,115.5,2016550.7,2016550.7,105638.9,105638.9,109549.9,109549.9,134285.0,134285.0,145434.5,145434.5,1346397.4,1346397.4,1206968.8,1206968.8,444023.5,444023.5,425143.9,425143.9,768088.9,768088.9,647968.6,647968.6,1452036.3,1452036.3,1316818.0,1316818.0,1438441.7,1438441.7,1318624.6,1318624.6,529658.5,529658.5,403622.5,403622.5,1438441.7,1438441.7,1318624.6,1318624.6,1510333.2,10090.0,1510333.2,1510333.2,110.1,110.1,-2.921344213,-2.921344213,1371661.3,1371661.3,119.5,1371661.3,9661.3,1510333.2,1510333.2,1371661.3,1371661.3,71891.5,71891.5,52301.4,52301.4,288859.9,288859.9,237089.6,237089.6,818518.3,5468.3,818518.3,818518.3,127.8,127.8,4.744344579,4.744344579,640712.1,640712.1,118.4,640712.1,4512.9,2954303.0,2954302.0,2545433.0,2545432.0,2039991.7,2039991.7,1778855.1,1778855.1,625451.1,625451.1,528038.3,528038.3,622284.6,4157.3,622284.6,622284.6,117.6,117.6,-9.817692128,-9.817692128,529005.3,529005.3,118.4,529005.3,3726.0,622284.6,622284.6,529005.3,529005.3,171858.8,171858.8,136724.2,136724.2,198444.3,198444.3,169334.7,169334.7,178498.1,178498.1,150215.8,150215.8,46000.7,46000.7,40378.5,40378.5,18949.0,18949.0,15711.8,15711.8,113548.4,113548.4,93409.1,93409.1,2760.0,2760.0,2347.4,2347.4,70723.3,70723.3,57487.8,57487.8,622285.0,622284.0,529005.0,529005.0,110943.0,110943.0,92113.0,92113.0,3166.5,3166.5,3166.5,3166.5,1012153.4,6761.9,1012153.4,1012153.4,107.0,107.0,-29.871461736,-29.871461736,945971.4,945971.4,79.3,945971.4,6662.9,633369.0,633369.0,613954.3,613954.3,378784.4,378784.4,337598.8,337598.8,1028526.0,6871.2,1028526.0,1028526.0,108.6,108.6,-21.539855768,-21.539855768,947130.7,947130.7,92.8,947130.7,6671.1,719078.1,719078.1,655193.5,655193.5,309447.9,309447.9,286449.8,286449.8,367.4,367.4,149.68544,3166.5,0.0,0.0,22161.3,22161.3,21194.3
2021,-58059.4,-58059.4,-73462.6,-73462.6,3251222.0,21582.4,3251222.0,3251222.0,121.6,121.6,4.403044783,4.403044783,57850.1,50487.6,2674193.9,2674193.9,115.7,2674193.9,18835.7,0.0,0.0,270.3,185.7,185.7,185.7,9.6,5.2,36.0,23.6,31.2,20.7,19.3,13.3,60.2,44.9,12.5,7.8,8.4,5.2,2.2,1.5,22.8,15.4,87.9,60.2,11.3,8.7,11.8,9.8,9.8,9.8,2.0,1.8,0.3,0.2,0.3,0.2,1.6,1.2,1.2,1.1,0.6,0.5,0.0,0.0,0.2,0.1,1.7,1.3,2.6,1.8,1.6,1.6,282.1,195.5,195.5,195.5,11.6,7.0,36.3,23.8,31.4,21.0,20.9,14.5,61.4,46.0,13.1,8.3,8.5,5.2,2.4,1.6,24.5,16.8,90.5,62.0,13.0,10.3,2566582.6,2566582.6,120.3,2133364.3,2133364.3,130743.7,130743.7,133243.2,133243.2,149720.3,149720.3,160138.7,160138.7,1517799.1,1517799.1,1321414.9,1321414.9,478942.9,478942.9,447999.4,447999.4,889135.9,889135.9,724078.7,724078.7,1648542.8,1648542.8,1453315.9,1453315.9,1593521.1,1593521.1,1421281.9,1421281.9,582716.1,582716.1,412491.5,412491.5,1593521.1,1593521.1,1421281.9,1421281.9,1674093.4,11113.1,1674093.4,1674093.4,113.3,113.3,7.741258509,7.741258509,1477845.2,1477845.2,128.7,1477845.2,10409.2,1674093.4,1674093.4,1477845.2,1477845.2,80572.4,80572.4,55890.6,55890.6,309773.1,309773.1,242299.2,242299.2,892489.2,5924.6,892489.2,892489.2,136.3,136.3,2.197344371,2.197344371,654790.8,654790.8,121.0,654790.8,4612.0,3309281.0,3309281.0,2726195.0,2726195.0,2256809.5,2256809.5,1890955.9,1890955.9,742698.8,742698.8,591267.9,591267.9,738043.4,4899.3,738043.4,738043.4,124.2,124.2,12.296919076,12.296919076,594056.7,594056.7,133.0,594056.7,4184.2,738043.4,738043.4,594056.7,594056.7,175772.0,175772.0,129572.1,129572.1,225471.4,225471.4,182913.8,182913.8,248256.7,248256.7,199840.8,199840.8,90924.4,90924.4,76613.8,76613.8,24583.1,24583.1,19637.1,19637.1,132749.2,132749.2,104065.3,104065.3,2807.6,2807.6,2284.3,2284.3,85735.8,85735.8,66188.8,66188.8,738043.0,738044.0,594056.0,594056.0,140361.0,140362.0,109307.0,109307.0,4655.3,4655.3,4655.3,4655.3,1241887.5,8244.0,1241887.5,1241887.5,116.5,116.5,12.725778398,12.725778398,1066353.6,1066353.6,89.3,1066353.6,7510.9,767487.1,767487.1,659032.5,659032.5,474400.4,474400.4,410950.8,410950.8,1299946.8,8629.4,1299946.8,1299946.8,114.0,114.0,20.344132226,20.344132226,1139816.2,1139816.2,111.7,1139816.2,8028.3,926995.5,926995.5,794481.6,794481.6,372951.3,372951.3,338635.2,338635.2,373.1,373.1,150.6421,4655.3,0.0,0.0,23752.7,23752.7,20963.9
